race_id,type,date,horse_cnt,bet_cnt,1,2,3,4,5,6,7,8,9,10,11,12,13,14,15,16
2020122706050811,1,12251355,16,         82,  65.6,   0.0,   0.0,   0.0,   0.0,   1.1,   6.5,   0.0,   0.0,   0.0,   0.0,   0.0,   0.0,   0.0,   0.0,   0.0
2020122706050811,1,12251400,16,        614,  24.5,   7.1,  30.7,  28.8,   7.3,   5.7,  11.9,  70.1,   4.4,  19.6,  81.8,  25.8,   5.5,  22.3,  40.9,  49.1
2020122706050811,1,12251405,16,       3945,  10.8,  24.4, 143.4,  15.1,   4.6,  14.2,  11.3, 263.0,   6.2,  49.3, 210.4,  11.6,   2.8, 131.5,  27.2, 185.6
2020122706050811,1,12251411,16,       6427,  15.2,  30.9,  46.7,   8.8,   6.0,  18.1,   9.8, 177.2,   3.7,  23.5, 125.4,  11.1,   4.2,  93.4,  35.9, 146.9
2020122706050811,1,12251416,16,       8409,  18.8,  27.1, 108.5,   6.9,   6.6,  21.4,   7.3, 172.4,   4.5,   8.8, 143.1,  10.6,   5.1, 105.1,  45.4, 168.1
2020122706050811,1,12251421,16,      10487,  20.4,  31.0,  95.3,   6.9,   6.9,  23.5,   7.6, 152.5,   4.3,   8.6, 127.1,  11.0,   4.8,  93.2,  48.4, 121.5
2020122706050811,1,12251427,16,      11715,  21.4,  30.6,  98.6,   7.3,   7.3,  20.8,   7.7, 151.1,   4.6,   9.1, 110.2,  11.7,   4.0,  89.2,  50.1, 111.5
2020122706050811,1,12251432,16,      13201,  18.7,  30.7,  96.8,   7.4,   6.5,  22.1,   7.0, 148.7,   5.1,   9.2, 107.7,  12.5,   4.1,  81.2,  53.0,  90.2
2020122706050811,1,12251437,16,      14134,  19.2,  32.1,  95.8,   7.9,   6.7,  18.4,   6.9, 144.9,   5.3,   9.6, 107.6,  12.2,   3.9,  74.8,  52.1,  83.7
2020122706050811,1,12251443,16,      15654,  20.4,  30.5, 104.3,   8.3,   6.0,  18.6,   6.7, 156.5,   5.6,  10.0, 112.8,  11.9,   3.9,  69.9,  53.0,  90.0
2020122706050811,1,12251448,16,      17794,  19.1,  31.9,  77.3,   8.6,   5.7,  13.4,   7.4, 151.4,   5.8,   9.7,  65.6,  13.0,   4.2,  61.0,  58.1,  78.6
2020122706050811,1,12251453,16,      19268,  19.9,  27.9,  82.4,   8.6,   6.1,  14.1,   7.3, 158.9,   6.1,   7.7,  61.6,  13.6,   4.3,  60.9,  58.8,  68.2
2020122706050811,1,12251459,16,      21680,  20.1,  29.2,  84.6,   9.3,   5.3,  14.4,   7.7, 138.7,   6.3,   8.1,  67.2,  10.6,   4.5,  61.5,  65.6,  67.4
2020122706050811,1,12251504,16,      23457,  21.3,  30.7,  88.1,   9.8,   5.5,  14.8,   6.1, 146.6,   6.2,   7.5,  72.4,  11.3,   4.9,  66.0,  66.0,  69.5
2020122706050811,1,12251509,16,      23638,  20.6,  29.6,  83.3,   9.7,   5.5,  14.2,   7.7, 139.0,   5.7,   7.3,  71.3,  11.3,   4.8,  60.8,  65.2,  67.2
2020122706050811,1,12251515,16,      24554,  21.1,  29.2,  86.1,   9.9,   5.4,  14.3,   7.1, 142.3,   5.7,   7.4,  73.0,  11.5,   4.9,  61.5,  67.7,  69.9
2020122706050811,1,12251520,16,      25659,  22.0,  30.5,  90.0,   9.6,   5.4,  14.9,   7.3, 148.7,   5.9,   6.5,  76.3,  10.9,   5.1,  64.1,  68.4,  72.7
2020122706050811,1,12251525,16,      28069,  23.7,  33.1,  98.0,   7.1,   5.8,  15.0,   7.8, 161.5,   5.5,   7.0,  70.3,  11.9,   5.1,  70.1,  73.3,  79.6
2020122706050811,1,12251531,16,      29691,  24.5,  33.9, 103.2,   7.4,   5.3,  15.5,   7.5, 162.6,   5.7,   7.3,  73.3,  10.7,   5.2,  67.0,  70.4,  75.6
2020122706050811,1,12251536,16,      30522,  25.0,  34.5, 103.4,   7.6,   5.5,  15.8,   7.6, 166.1,   5.7,   6.6,  74.9,  10.7,   5.3,  68.5,  72.2,  72.6
2020122706050811,1,12251541,16,      32002,  25.9,  34.8, 106.6,   7.9,   5.7,  16.1,   7.6, 165.1,   5.9,   6.9,  77.5,  11.2,   5.5,  18.7,  74.2,  75.2
2020122706050811,1,12251547,16,      32397,  26.2,  35.2, 107.5,   8.0,   5.7,  16.3,   7.5, 166.1,   5.9,   6.8,  78.3,  11.1,   5.5,  18.5,  74.9,  76.0
2020122706050811,1,12251552,16,      32937,  25.9,  34.2, 105.3,   8.0,   5.7,  15.7,   7.6, 135.8,   5.9,   6.9,  78.4,  11.2,   5.6,  18.3,  75.0,  76.3
2020122706050811,1,12251557,16,      33469,  25.7,  34.1, 105.8,   8.2,   5.7,  15.8,   7.5, 125.1,   5.9,   7.0,  79.6,  11.4,   5.4,  18.5,  75.0,  73.3
2020122706050811,1,12251603,16,      33905,  26.0,  34.2, 102.7,   8.3,   5.7,  15.9,   7.6, 120.0,   6.0,   7.0,  80.7,  11.3,   5.3,  18.7,  73.7,  73.9
2020122706050811,1,12251608,16,      34667,  25.4,  34.1,  99.4,   8.4,   5.7,  16.2,   7.6, 122.7,   6.0,   7.1,  82.5,  11.5,   5.0,  18.9,  75.3,  75.5
2020122706050811,1,12251613,16,      35046,  25.1,  34.1, 100.4,   8.5,   5.8,  16.1,   7.7, 121.3,   6.1,   7.2,  83.4,  10.9,   5.0,  19.0,  76.1,  76.3
2020122706050811,1,12251619,16,      35309,  24.9,  32.9, 101.2,   8.5,   5.8,  15.8,   7.7, 120.2,   6.0,   7.2,  83.3,  10.9,   5.0,  19.1,  76.7,  76.5
2020122706050811,1,12251624,16,      36165,  24.3,  32.4, 101.1,   8.6,   5.9,  16.1,   7.7, 120.5,   5.9,   7.2,  81.2,  11.0,   5.1,  17.2,  78.4,  77.5
2020122706050811,1,12251629,16,      37320,  24.9,  32.5, 104.0,   8.8,   6.1,  16.6,   8.0, 123.8,   6.1,   7.4,  83.8,   8.2,   5.3,  17.7,  80.0,  79.8
2020122706050811,1,12251635,16,      38695,  25.8,  33.6, 107.4,   9.1,   6.3,  17.1,   6.9, 113.8,   6.3,   7.7,  86.7,   7.4,   5.4,  17.8,  82.7,  82.7
2020122706050811,1,12251640,16,      39042,  25.9,  33.9, 106.9,   8.9,   6.3,  17.3,   6.8, 127.4,   6.3,   7.6,  85.8,   7.5,   5.5,  18.0,  83.2,  83.2
2020122706050811,1,12251645,16,      40569,  26.4,  34.4,  99.2,   8.9,   6.5,  17.3,   5.7, 128.7,   6.5,   7.9,  88.4,   7.7,   5.7,  18.5,  85.4,  84.9
2020122706050811,1,12251651,16,      41104,  26.6,  31.5,  94.2,   8.9,   6.5,  17.4,   5.8, 127.4,   6.4,   7.9,  89.6,   7.8,   5.7,  18.7,  86.5,  84.5
2020122706050811,1,12251656,16,      42262,  27.4,  31.9,  96.3,   8.7,   6.7,  17.8,   5.4, 130.0,   6.3,   8.0,  91.8,   8.0,   5.8,  19.2,  88.5,  86.9
2020122706050811,1,12251701,16,      43314,  27.8,  30.9,  98.7,   8.8,   6.6,  18.1,   5.4, 133.2,   6.4,   8.2,  94.1,   8.2,   5.4,  19.6,  90.7,  88.6
2020122706050811,1,12251707,16,      43839,  27.3,  29.1,  99.3,   8.9,   6.5,  18.3,   5.5, 132.8,   6.5,   8.2,  93.5,   8.3,   5.4,  19.8,  89.6,  88.7
2020122706050811,1,12251712,16,      44217,  27.1,  29.3,  98.8,   8.9,   6.6,  17.6,   5.5, 133.9,   6.5,   8.2,  94.3,   8.4,   5.3,  19.9,  90.4,  89.5
2020122706050811,1,12251717,16,      44516,  27.3,  29.2,  99.4,   8.9,   6.6,  17.7,   5.5, 112.6,   6.5,   8.3,  94.9,   8.4,   5.2,  20.1,  91.0,  90.1
2020122706050811,1,12251723,16,      45054,  27.4,  29.1, 100.3,   8.8,   6.7,  17.6,   5.5, 113.7,   6.5,   8.3,  95.8,   8.5,   5.2,  20.3,  90.7,  88.7
2020122706050811,1,12251728,16,      50858,  30.8,  29.9, 111.7,   9.7,   7.5,  19.7,   6.2, 125.9,   3.8,   8.7, 105.1,   9.6,   5.8,  22.8,  98.7,  98.5
2020122706050811,1,12251734,16,      52115,  30.7,  30.6, 114.2,  10.0,   7.6,  19.2,   6.0, 128.2,   3.9,   8.9, 106.0,   8.8,   5.8,  23.4, 100.7, 100.2
2020122706050811,1,12251739,16,      52357,  30.7,  30.6, 114.4,  10.0,   7.6,  18.7,   6.0, 128.8,   3.9,   8.9, 106.3,   8.7,   5.8,  23.5, 100.9, 100.4
2020122706050811,1,12251744,16,      53549,  30.4,  28.8, 116.0,  10.2,   7.7,  18.8,   6.1, 127.1,   3.8,   8.9, 108.4,   8.9,   5.8,  24.0, 102.7, 102.2
2020122706050811,1,12251750,16,      54448,  30.7,  29.0, 115.8,  10.3,   7.7,  18.7,   6.2, 128.4,   3.8,   8.9, 109.9,   8.8,   5.7,  24.3, 104.2, 103.7
2020122706050811,1,12251755,16,      55247,  31.0,  28.2, 111.0,  10.2,   7.7,  17.2,   6.3, 129.9,   3.8,   9.0, 111.3,   8.9,   5.8,  24.4, 104.7,  99.9
2020122706050811,1,12251800,16,      55817,  31.2,  28.3, 107.3,  10.3,   7.7,  17.3,   6.3, 130.9,   3.8,   9.1, 112.1,   8.7,   5.8,  24.5, 104.8, 100.7
2020122706050811,1,12251806,16,      56497,  31.2,  28.6, 105.8,  10.3,   7.6,  16.7,   6.2, 131.7,   3.8,   9.0, 112.7,   8.7,   5.8,  24.8, 103.4, 100.2
2020122706050811,1,12251811,16,      57412,  30.9,  28.5,  80.8,  10.4,   7.5,  16.1,   6.2, 127.9,   3.9,   9.1, 113.9,   8.8,   5.9,  25.1, 102.7, 101.6
2020122706050811,1,12251816,16,      58775,  31.2,  28.8,  82.4,  10.7,   7.7,  16.4,   6.3, 128.1,   3.6,   9.2, 115.8,   9.0,   6.0,  25.7, 104.7, 102.6
2020122706050811,1,12251822,16,      59625,  31.4,  29.0,  83.1,  10.7,   7.8,  16.2,   6.3, 123.8,   3.6,   9.3, 117.1,   9.0,   5.9,  25.9, 105.7, 101.7
2020122706050811,1,12251827,16,      61001,  31.5,  29.4,  84.5,  10.9,   7.9,  16.5,   6.3, 126.1,   3.7,   8.9, 118.7,   8.7,   5.7,  26.5, 106.3, 103.1
2020122706050811,1,12251832,16,      62995,  32.4,  30.2,  85.7,  11.1,   8.2,  16.9,   6.5, 128.8,   3.5,   9.2, 118.3,   8.9,   5.5,  27.2, 104.1, 102.6
2020122706050811,1,12251838,16,      64121,  32.0,  30.4,  82.3,  11.1,   8.3,  15.6,   6.6, 113.4,   3.5,   9.1, 117.6,   9.0,   5.6,  27.5, 103.6,  98.4
2020122706050811,1,12251843,16,      65394,  31.4,  30.8,  82.1,  11.2,   8.3,  15.9,   6.2, 115.4,   3.6,   9.0, 118.6,   9.1,   5.7,  27.9, 105.0,  98.3
2020122706050811,1,12251848,16,      66124,  31.1,  30.5,  82.2,  11.2,   8.4,  15.9,   6.2, 116.0,   3.6,   8.9, 119.6,   9.2,   5.7,  26.8, 104.9,  99.2
2020122706050811,1,12251854,16,      67422,  31.1,  30.8,  81.9,  11.2,   8.3,  15.8,   6.3, 113.7,   3.6,   9.0, 117.5,   9.2,   5.6,  27.1, 105.9, 100.4
2020122706050811,1,12251859,16,      67897,  30.3,  31.0,  81.9,  11.2,   8.3,  15.8,   6.3, 113.8,   3.6,   9.0, 117.5,   9.2,   5.6,  27.3, 106.0, 100.2
2020122706050811,1,12251904,16,      68019,  30.3,  31.0,  82.0,  11.3,   8.3,  15.8,   6.2, 114.0,   3.6,   9.0, 117.7,   9.2,   5.6,  27.2, 106.2,  99.8
2020122706050811,1,12251910,16,      68019,  30.3,  31.0,  82.0,  11.3,   8.3,  15.8,   6.2, 114.0,   3.6,   9.0, 117.7,   9.2,   5.6,  27.2, 106.2,  99.8
2020122706050811,2,12251917,16,      68019,  30.3,  31.0,  82.0,  11.3,   8.3,  15.8,   6.2, 114.0,   3.6,   9.0, 117.7,   9.2,   5.6,  27.2, 106.2,  99.8
2020122706050811,1,12252059,16,      68019,  30.3,  31.0,  82.0,  11.3,   8.3,  15.8,   6.2, 114.0,   3.6,   9.0, 117.7,   9.2,   5.6,  27.2, 106.2,  99.8
2020122706050811,1,12252105,16,      79160,  27.9,  26.4,  92.7,  11.3,   8.7,  14.8,   6.1, 117.9,   3.5,   9.7, 111.1,  10.3,   5.5,  29.8, 108.8, 110.3
2020122706050811,1,12252111,16,      99160,  23.8,  27.3,  86.6,  10.7,   9.8,  16.3,   4.3, 115.4,   3.8,  10.6, 111.1,  12.2,   5.6,  35.8, 109.5, 126.1
2020122706050811,1,12252117,16,     113371,  26.0,  30.0,  93.8,  11.8,   9.0,  16.8,   4.3, 120.9,   3.5,  10.7, 100.7,  13.0,   5.9,  36.7, 110.4, 135.9
2020122706050811,1,12252122,16,     126676,  21.6,  28.7,  98.8,  12.0,   9.6,  17.1,   4.6, 121.8,   3.2,  11.0,  96.6,  13.6,   6.1,  38.1, 119.2, 136.7
2020122706050811,1,12252128,16,     138695,  18.3,  29.0, 102.9,  12.5,  10.1,  18.0,   4.4, 127.0,   3.2,  11.5, 102.5,  12.4,   6.1,  40.3, 124.5, 135.9
2020122706050811,1,12252134,16,     146600,  17.9,  28.5, 106.9,  12.4,   9.8,  17.6,   4.4, 130.6,   3.3,  11.8,  97.9,  12.7,   6.2,  33.8, 128.3, 129.7
2020122706050811,1,12252140,16,     152708,  17.8,  28.2, 108.3,  12.1,   9.9,  17.3,   4.4, 134.3,   3.3,  11.8,  97.7,  12.9,   6.2,  34.3, 128.5, 129.4
2020122706050811,1,12252146,16,     159178,  18.1,  28.1, 111.0,  12.3,   9.8,  17.8,   4.4, 136.6,   3.2,  11.6,  99.1,  13.3,   6.3,  34.1, 128.3, 129.2
2020122706050811,1,12252152,16,     164375,  17.9,  28.7, 107.7,  12.5,   9.8,  17.8,   4.4, 137.2,   3.2,  11.4,  98.5,  13.6,   6.2,  33.4, 130.1, 126.6
2020122706050811,1,12252157,16,     171439,  17.8,  23.4, 109.8,  12.4,   9.6,  17.3,   4.5, 141.2,   3.2,  11.6,  99.8,  14.0,   6.3,  34.2, 133.2, 124.4
2020122706050811,1,12252203,16,     177255,  17.5,  23.7, 109.5,  12.0,   9.7,  17.2,   4.5, 137.2,   3.3,  11.3, 100.7,  14.3,   6.3,  34.7, 133.5, 115.4
2020122706050811,1,12252209,16,     182977,  17.8,  23.4, 110.9,  12.2,   9.8,  17.6,   4.6, 139.8,   3.1,  11.1, 102.7,  14.3,   6.5,  34.7, 136.8, 114.8
2020122706050811,1,12252215,16,     188397,  17.4,  23.6, 113.2,  12.0,   9.7,  17.9,   4.7, 140.7,   3.1,  11.3, 103.9,  14.6,   6.4,  35.0, 138.4, 115.5
2020122706050811,1,12252221,16,     195021,  17.8,  24.0, 112.3,  12.2,   9.6,  18.1,   4.8, 138.5,   3.0,  10.5, 106.5,  14.9,   6.5,  35.5, 141.5, 118.4
2020122706050811,1,12252227,16,     200658,  18.1,  24.6, 114.0,  12.1,   9.8,  18.3,   4.6, 141.4,   3.1,  10.7, 108.9,  15.2,   6.4,  36.4, 140.5, 112.6
2020122706050811,1,12252232,16,     205755,  18.2,  23.5, 115.7,  12.3,   9.7,  18.2,   4.7, 140.8,   3.1,  10.5, 108.7,  15.4,   6.4,  37.2, 140.8, 113.5
2020122706050811,1,12252238,16,     210227,  18.4,  23.9, 118.0,  12.0,   9.5,  18.3,   4.7, 139.4,   3.0,  10.4, 109.2,  15.6,   6.5,  37.8, 138.8, 114.6
2020122706050811,1,12252244,16,     214553,  18.7,  24.2, 116.2,  12.0,   9.4,  18.1,   4.8, 126.3,   3.0,  10.4, 109.7,  15.5,   6.5,  38.6, 134.9, 113.5
2020122706050811,1,12252250,16,     219588,  18.6,  23.9, 109.9,  11.9,   9.4,  18.2,   4.8, 125.4,   3.0,  10.4, 110.9,  15.5,   6.4,  39.4, 136.7, 114.5
2020122706050811,1,12252256,16,     222326,  18.6,  23.9, 108.6,  12.0,   9.4,  17.7,   4.8, 125.9,   3.1,  10.5, 100.5,  15.6,   6.4,  39.1, 137.4, 115.3
2020122706050811,1,12252302,16,     226191,  18.5,  23.7, 109.9,  11.4,   9.4,  17.6,   4.9, 126.6,   3.1,  10.4, 100.2,  15.7,   6.4,  39.7, 137.0, 116.8
2020122706050811,1,12252307,16,     229532,  18.7,  23.9, 109.8,  11.5,   9.5,  17.5,   4.9, 123.6,   3.1,  10.4, 101.5,  15.9,   6.3,  39.8, 137.8, 117.5
2020122706050811,1,12252313,16,     231436,  18.7,  23.8, 110.2,  11.6,   9.5,  17.6,   4.9, 121.8,   3.1,  10.3, 102.2,  15.7,   6.3,  39.7, 138.0, 117.7
2020122706050811,1,12252319,16,     237078,  19.1,  24.3, 111.1,  11.8,   9.6,  18.0,   4.9, 122.6,   3.0,  10.4, 104.3,  15.8,   6.3,  40.5, 135.9, 108.7
2020122706050811,1,12252325,16,     241293,  19.0,  24.4, 111.4,  11.7,   9.7,  18.1,   5.0, 122.9,   3.0,  10.3, 104.5,  15.9,   6.3,  40.1, 136.1, 106.6
2020122706050811,1,12252331,16,     244238,  19.1,  24.4, 111.8,  11.8,   9.8,  18.1,   5.0, 119.3,   3.0,  10.3, 103.9,  15.7,   6.3,  39.1, 137.1, 105.9
2020122706050811,1,12252337,16,     246595,  19.3,  24.4, 110.7,  11.8,   9.8,  18.1,   5.0, 116.5,   3.0,  10.4, 104.3,  15.0,   6.3,  39.2, 136.9, 105.7
2020122706050811,1,12252342,16,     249633,  19.4,  24.4, 109.4,  11.9,   9.8,  18.0,   5.1, 116.3,   3.0,  10.3, 103.7,  15.1,   6.3,  39.5, 134.3, 105.6
2020122706050811,1,12252348,16,     251225,  19.5,  24.5, 110.0,  12.0,   9.9,  18.0,   5.1, 116.1,   3.0,  10.1, 103.7,  15.1,   6.2,  39.7, 134.9, 106.1
2020122706050811,1,12252354,16,     251973,  19.4,  24.6, 109.9,  12.0,   9.8,  18.0,   5.1, 115.1,   3.0,  10.0, 102.7,  15.2,   6.2,  38.8, 134.3, 105.5
2020122706050811,1,12260005,16,     252989,  19.4,  24.5, 109.9,  11.9,   9.8,  18.0,   5.1, 115.2,   3.0,  10.0, 103.1,  15.0,   6.2,  38.9, 134.4, 105.6
2020122706050811,1,12260010,16,     257591,  19.6,  23.8, 111.9,  12.0,  10.0,  18.2,   4.8, 116.5,   3.0,  10.1, 105.0,  15.3,   6.3,  39.5, 136.0, 107.4
2020122706050811,1,12260016,16,     260458,  19.7,  23.5, 111.6,  12.0,  10.0,  18.1,   4.8, 108.9,   3.0,  10.1, 104.7,  15.4,   6.2,  39.5, 136.6, 106.5
2020122706050811,1,12260022,16,     262711,  19.8,  23.5, 111.4,  12.0,  10.0,  18.1,   4.8, 109.5,   3.0,  10.1, 104.8,  15.3,   6.2,  39.8, 136.1, 106.9
2020122706050811,1,12260028,16,     264897,  19.9,  23.5, 111.9,  12.0,   9.9,  18.0,   4.8, 110.0,   3.1,  10.2, 105.4,  15.0,   6.3,  39.3, 136.4, 107.1
2020122706050811,1,12260034,16,     266629,  20.0,  23.6, 112.5,  12.0,  10.0,  17.9,   4.8, 107.6,   3.1,  10.2, 106.0,  14.9,   6.2,  39.4, 136.2, 107.6
2020122706050811,1,12260040,16,     268024,  20.1,  23.6, 112.6,  12.0,  10.0,  17.7,   4.8, 107.0,   3.1,  10.2, 106.0,  14.9,   6.2,  39.5, 136.9, 107.1
2020122706050811,1,12260045,16,     268769,  19.9,  23.4, 111.4,  12.0,  10.0,  17.8,   4.8, 106.5,   3.1,  10.2, 106.1,  14.9,   6.2,  39.2, 136.0, 107.1
2020122706050811,1,12260051,16,     270192,  20.0,  23.5, 108.9,  11.9,  10.0,  17.7,   4.8, 104.5,   3.1,  10.1, 104.1,  15.0,   6.2,  39.4, 132.5, 104.5
2020122706050811,1,12260057,16,     270942,  19.8,  23.3, 109.0,  11.9,  10.0,  17.7,   4.9, 104.1,   3.1,  10.1, 104.3,  15.0,   6.2,  38.8, 132.6, 104.0
2020122706050811,1,12260103,16,     273187,  20.0,  23.5, 109.6,  12.0,  10.1,  17.8,   4.8, 104.5,   3.1,  10.2, 105.1,  15.1,   6.2,  38.9, 133.5, 104.4
2020122706050811,1,12260109,16,     274613,  19.8,  23.6, 109.3,  12.0,  10.0,  17.8,   4.8, 104.4,   3.1,  10.3, 104.7,  15.0,   6.2,  38.8, 132.6, 104.1
2020122706050811,1,12260115,16,     275641,  19.7,  23.4, 109.7,  12.0,  10.0,  17.9,   4.8, 104.3,   3.1,  10.3, 104.9,  15.0,   6.2,  38.9, 132.7, 103.8
2020122706050811,1,12260120,16,     276708,  19.4,  23.4, 109.8,  12.0,  10.0,  17.9,   4.8, 104.6,   3.1,  10.3, 105.0,  14.9,   6.2,  39.0, 133.1, 104.1
2020122706050811,1,12260126,16,     277609,  19.3,  23.0, 109.7,  12.0,  10.0,  17.8,   4.8, 104.3,   3.1,  10.3, 104.7,  14.9,   6.2,  39.1, 133.2, 102.7
2020122706050811,1,12260132,16,     283551,  19.7,  23.4, 112.0,  12.2,  10.2,  18.1,   4.9, 106.5,   3.2,  10.4, 106.3,  15.2,   5.5,  39.9, 136.0, 104.5
2020122706050811,1,12260138,16,     285893,  17.9,  23.3, 112.1,  12.3,  10.2,  18.2,   5.0, 107.2,   3.2,  10.5, 106.8,  15.3,   5.5,  40.2, 136.8, 105.0
2020122706050811,1,12260144,16,     286624,  18.0,  23.4, 112.1,  12.3,  10.2,  18.2,   4.9, 107.5,   3.2,  10.5, 107.1,  15.3,   5.5,  40.1, 136.8, 105.1
2020122706050811,1,12260150,16,     287152,  18.0,  23.3, 112.3,  12.4,  10.2,  18.2,   5.0, 107.5,   3.2,  10.5, 107.2,  15.3,   5.5,  40.1, 137.0, 105.2
2020122706050811,1,12260155,16,     287791,  18.0,  23.3, 112.1,  12.4,  10.2,  18.2,   5.0, 107.6,   3.2,  10.5, 107.5,  15.3,   5.5,  39.5, 137.2, 105.2
2020122706050811,1,12260201,16,     288520,  18.0,  23.3, 111.6,  12.4,  10.2,  18.2,   4.9, 107.7,   3.2,  10.5, 107.5,  15.3,   5.5,  39.5, 136.0, 105.2
2020122706050811,1,12260207,16,     289041,  18.0,  23.3, 111.8,  12.4,  10.3,  18.2,   4.9, 107.8,   3.2,  10.5, 107.6,  15.3,   5.5,  39.5, 136.3, 105.4
2020122706050811,1,12260213,16,     289274,  18.0,  23.3, 111.8,  12.4,  10.3,  18.2,   4.9, 107.9,   3.2,  10.5, 107.6,  15.3,   5.5,  39.4, 136.3, 103.1
2020122706050811,1,12260219,16,     289870,  18.0,  23.2, 108.8,  12.4,  10.2,  18.2,   5.0, 108.1,   3.2,  10.4, 107.8,  15.3,   5.5,  39.5, 136.4, 103.3
2020122706050811,1,12260225,16,     291154,  17.9,  23.2, 109.3,  12.4,  10.3,  18.3,   5.0, 108.4,   3.2,  10.5, 108.2,  15.3,   5.4,  39.6, 136.4, 103.4
2020122706050811,1,12260230,16,     292192,  18.0,  23.3, 109.7,  12.5,  10.3,  18.4,   5.0, 108.8,   3.2,  10.3, 108.6,  15.4,   5.4,  39.8, 136.9,  97.7
2020122706050811,1,12260236,16,     293368,  18.0,  23.4, 110.1,  12.4,  10.3,  18.3,   5.0, 106.1,   3.2,  10.2, 109.0,  15.3,   5.4,  38.7, 137.4,  98.0
2020122706050811,1,12260242,16,     293640,  18.0,  23.4, 109.9,  12.4,  10.3,  18.3,   5.0, 106.2,   3.2,  10.2, 109.1,  15.3,   5.4,  38.7, 137.5,  98.1
2020122706050811,1,12260248,16,     294236,  18.1,  23.4, 110.1,  12.4,  10.3,  18.3,   5.0, 106.2,   3.2,  10.2, 108.6,  15.3,   5.4,  38.7, 137.4,  98.2
2020122706050811,1,12260254,16,     295118,  18.1,  23.4, 110.3,  12.5,  10.3,  18.3,   5.0, 101.7,   3.2,  10.2, 108.9,  15.2,   5.4,  38.8, 137.7,  98.5
2020122706050811,1,12260300,16,     295511,  18.1,  23.5, 110.3,  12.5,  10.3,  18.3,   5.0, 101.8,   3.2,  10.2, 108.8,  15.3,   5.4,  38.8, 137.5,  98.6
2020122706050811,1,12260305,16,     295987,  18.1,  23.4, 110.5,  12.5,  10.3,  18.3,   5.0, 101.8,   3.2,  10.2, 108.7,  15.3,   5.4,  38.9, 137.6,  98.7
2020122706050811,1,12260311,16,     296372,  18.2,  23.4, 110.5,  12.5,  10.3,  18.3,   5.0, 101.8,   3.2,  10.1, 108.7,  15.3,   5.4,  38.9, 137.5,  98.7
2020122706050811,1,12260317,16,     296846,  18.2,  23.4, 110.2,  12.3,  10.3,  18.4,   5.0, 101.5,   3.2,  10.1, 108.3,  15.3,   5.4,  39.0, 137.6,  98.9
2020122706050811,1,12260323,16,     297177,  18.2,  23.4, 110.3,  12.2,  10.3,  18.4,   5.0, 101.6,   3.2,  10.1, 108.4,  15.2,   5.4,  39.0, 137.3,  99.0
2020122706050811,1,12260329,16,     297497,  18.2,  23.5, 110.2,  12.2,  10.3,  18.4,   5.0, 101.6,   3.2,  10.1, 108.4,  15.2,   5.4,  38.9, 137.2,  99.0
2020122706050811,1,12260335,16,     298197,  18.0,  23.5, 109.8,  12.2,  10.3,  18.4,   5.0, 101.3,   3.2,  10.1, 108.0,  15.2,   5.4,  39.0, 136.1,  98.6
2020122706050811,1,12260341,16,     298288,  18.0,  23.5, 109.9,  12.2,  10.3,  18.4,   5.0, 101.3,   3.2,  10.1, 107.8,  15.2,   5.4,  39.0, 136.2,  98.6
2020122706050811,1,12260346,16,     298803,  17.9,  23.6, 110.1,  12.2,  10.3,  18.2,   5.0, 101.5,   3.2,  10.1, 108.0,  15.3,   5.4,  38.4, 136.4,  98.8
2020122706050811,1,12260352,16,     299297,  18.0,  23.5, 109.7,  12.2,  10.2,  18.1,   5.0, 101.7,   3.2,  10.1, 107.9,  15.3,   5.4,  38.3, 136.2,  98.1
2020122706050811,1,12260358,16,     299505,  18.0,  23.5, 109.7,  12.2,  10.2,  18.2,   5.0, 101.6,   3.2,  10.2, 107.7,  15.3,   5.4,  37.8, 136.0,  97.6
2020122706050811,1,12260404,16,     299718,  18.0,  23.5, 109.7,  12.2,  10.2,  18.2,   5.0, 101.6,   3.2,  10.2, 107.8,  15.3,   5.5,  37.8, 136.1,  97.3
2020122706050811,1,12260410,16,     300005,  18.0,  23.5, 109.8,  12.2,  10.2,  18.2,   5.0, 101.7,   3.2,  10.1, 107.9,  15.3,   5.5,  37.8, 136.1,  97.4
2020122706050811,1,12260416,16,     300413,  18.0,  23.4, 109.9,  12.3,  10.2,  18.2,   5.0, 101.8,   3.2,  10.1, 108.0,  15.3,   5.5,  37.6, 136.1,  97.5
2020122706050811,1,12260421,16,     300643,  18.0,  23.4, 110.0,  12.3,  10.2,  18.2,   5.0, 101.5,   3.2,  10.1, 107.6,  15.2,   5.5,  37.7, 136.2,  97.4
2020122706050811,1,12260427,16,     300934,  18.0,  23.4, 109.5,  12.3,  10.2,  18.1,   5.0, 101.4,   3.2,  10.1, 107.1,  15.3,   5.5,  37.7, 136.2,  97.4
2020122706050811,1,12260433,16,     301007,  18.0,  23.4, 109.3,  12.3,  10.2,  18.1,   5.0, 101.5,   3.2,  10.1, 107.1,  15.2,   5.5,  37.7, 136.2,  97.4
2020122706050811,1,12260439,16,     301107,  18.0,  23.4, 109.0,  12.3,  10.2,  18.1,   5.0, 101.5,   3.2,  10.1, 107.2,  15.2,   5.5,  37.7, 136.1,  97.5
2020122706050811,1,12260445,16,     302217,  18.0,  23.5, 109.4,  12.3,  10.2,  18.1,   5.0, 101.8,   3.2,  10.1, 107.4,  15.3,   5.5,  37.8, 136.5,  97.8
2020122706050811,1,12260451,16,     302867,  18.1,  23.5, 109.5,  12.3,  10.2,  18.1,   5.0, 101.7,   3.2,  10.1, 107.5,  15.3,   5.4,  37.9, 136.4,  97.5
2020122706050811,1,12260456,16,     303201,  18.1,  23.5, 109.6,  12.3,  10.2,  18.1,   5.1, 101.7,   3.2,  10.1, 107.6,  15.3,   5.4,  37.9, 136.5,  97.5
2020122706050811,1,12260502,16,     303514,  18.1,  23.5, 109.7,  12.3,  10.2,  18.1,   5.0, 101.4,   3.2,  10.1, 107.7,  15.3,   5.4,  37.9, 135.9,  97.6
2020122706050811,1,12260508,16,     304323,  17.7,  23.5, 109.5,  12.3,  10.3,  18.2,   5.1, 101.1,   3.2,  10.1, 107.5,  15.3,   5.4,  38.0, 136.3,  97.9
2020122706050811,1,12260514,16,     304570,  17.7,  23.5, 108.6,  12.3,  10.3,  18.0,   5.1, 100.7,   3.2,  10.1, 107.6,  15.3,   5.4,  38.0, 136.4,  98.0
2020122706050811,1,12260520,16,     304852,  17.7,  23.4, 108.6,  12.3,  10.3,  18.1,   5.1, 100.8,   3.2,  10.1, 107.7,  15.2,   5.4,  38.0, 136.5,  98.0
2020122706050811,1,12260526,16,     305206,  17.7,  23.3, 107.7,  12.3,  10.3,  18.1,   5.1, 100.5,   3.2,  10.1, 107.4,  15.2,   5.4,  38.0, 135.9,  97.7
2020122706050811,1,12260531,16,     305276,  17.7,  23.3, 107.6,  12.3,  10.3,  18.1,   5.1, 100.5,   3.2,  10.1, 107.4,  15.2,   5.4,  38.0, 135.9,  97.7
2020122706050811,1,12260537,16,     305626,  17.7,  23.3, 107.3,  12.3,  10.3,  18.1,   5.1, 100.3,   3.2,  10.1, 107.0,  15.2,   5.4,  37.5, 136.1,  97.5
2020122706050811,1,12260543,16,     306026,  17.7,  23.3, 107.4,  12.3,  10.3,  18.1,   5.1, 100.4,   3.2,  10.1, 107.2,  15.2,   5.4,  37.5, 136.3,  97.4
2020122706050811,1,12260549,16,     306310,  17.7,  23.3, 107.2,  12.3,  10.2,  18.0,   5.1, 100.4,   3.2,  10.1, 107.2,  15.2,   5.4,  37.5, 136.4,  97.1
2020122706050811,1,12260555,16,     306435,  17.8,  23.3, 107.3,  12.3,  10.2,  18.1,   5.1, 100.5,   3.2,  10.1, 106.8,  15.2,   5.4,  37.5, 136.4,  97.2
2020122706050811,1,12260601,16,     307044,  17.8,  23.4, 107.5,  12.3,  10.2,  18.0,   5.1, 100.7,   3.2,  10.1, 107.0,  15.2,   5.4,  37.6, 136.7,  97.2
2020122706050811,1,12260607,16,     307640,  17.8,  23.4, 107.7,  12.3,  10.2,  18.1,   5.1, 100.9,   3.3,  10.1, 107.2,  14.9,   5.4,  37.6, 137.0,  97.3
2020122706050811,1,12260612,16,     309150,  17.8,  23.5, 108.2,  12.3,  10.2,  18.1,   5.0, 101.2,   3.3,  10.1, 107.2,  14.9,   5.4,  37.8, 133.9,  97.7
2020122706050811,1,12260618,16,     309762,  17.9,  23.5, 108.4,  12.3,  10.3,  18.1,   5.0, 101.3,   3.3,  10.1, 107.4,  14.8,   5.4,  37.8, 134.1,  97.8
2020122706050811,1,12260624,16,     310481,  17.8,  23.5, 108.5,  12.4,  10.3,  18.1,   5.0, 101.5,   3.3,  10.1, 107.6,  14.8,   5.4,  37.8, 134.2,  98.0
2020122706050811,1,12260630,16,     313502,  17.7,  23.5, 104.8,  12.4,  10.3,  18.2,   5.1,  98.4,   3.3,  10.1, 104.1,  14.8,   5.3,  37.4, 128.5,  95.1
2020122706050811,1,12260636,16,     314217,  17.7,  23.5, 105.0,  12.4,  10.1,  18.2,   5.1,  98.6,   3.3,  10.1, 104.3,  14.8,   5.3,  37.4, 128.7,  95.1
2020122706050811,1,12260642,16,     315380,  17.6,  23.6, 105.2,  12.4,  10.1,  18.2,   5.1,  98.7,   3.3,  10.2, 104.4,  14.8,   5.3,  37.4, 128.1,  95.4
2020122706050811,1,12260648,16,     316453,  17.6,  23.6, 105.6,  12.4,  10.1,  18.2,   5.1,  98.5,   3.3,  10.2, 104.6,  14.9,   5.3,  37.6, 128.2,  95.7
2020122706050811,1,12260653,16,     317898,  17.6,  23.7, 105.5,  12.4,  10.1,  18.2,   5.1,  96.8,   3.3,  10.1, 104.7,  14.9,   5.3,  37.6, 126.9,  95.8
2020122706050811,1,12260659,16,     319023,  17.6,  23.8, 105.8,  12.5,  10.0,  18.3,   5.1,  97.0,   3.3,  10.1, 104.5,  14.9,   5.2,  37.7, 127.2,  95.6
2020122706050811,1,12260705,16,     326294,  17.9,  24.3, 107.9,  11.1,  10.2,  18.4,   5.2,  82.8,   3.4,  10.3, 106.7,  15.0,   5.2,  37.9, 128.8,  95.7
2020122706050811,1,12260711,16,     329208,  17.8,  24.3, 105.2,  11.1,  10.3,  18.3,   5.2,  82.7,   3.4,  10.3, 106.4,  15.0,   5.2,  38.0, 128.2,  93.9
2020122706050811,1,12260717,16,     331500,  17.8,  24.3, 105.4,  11.1,  10.3,  18.3,   5.2,  82.8,   3.4,  10.3, 106.5,  15.1,   5.2,  37.9, 127.9,  93.4
2020122706050811,1,12260723,16,     337941,  17.9,  21.4, 106.6,  11.3,  10.2,  18.4,   5.3,  74.8,   3.4,  10.4, 108.4,  15.3,   5.2,  34.1, 130.2,  84.4
2020122706050811,1,12260728,16,     342055,  18.0,  21.5, 107.6,  11.3,  10.2,  18.3,   5.3,  75.7,   3.4,  10.4, 105.4,  15.3,   5.2,  34.4, 129.0,  84.9
2020122706050811,1,12260734,16,     346253,  18.1,  21.7, 108.0,  11.5,  10.2,  18.3,   5.3,  76.2,   3.4,  10.1, 106.0,  15.3,   5.2,  34.8, 129.6,  84.9
2020122706050811,1,12260740,16,     353816,  18.4,  20.2, 110.0,  11.6,  10.3,  16.6,   5.4,  76.8,   3.5,  10.3, 107.3,  15.6,   5.1,  35.1, 131.6,  84.4
2020122706050811,1,12260746,16,     357852,  18.3,  20.2, 110.7,  11.6,  10.3,  16.5,   5.4,  76.7,   3.4,  10.2, 107.6,  15.7,   5.1,  35.1, 130.4,  84.5
2020122706050811,1,12260752,16,     362380,  18.4,  20.4, 111.2,  11.7,  10.3,  16.6,   5.4,  76.9,   3.4,  10.2, 108.6,  15.7,   5.1,  34.6, 130.0,  85.2
2020122706050811,1,12260758,16,     365595,  18.4,  20.5, 111.4,  11.7,  10.4,  16.5,   5.4,  76.7,   3.4,  10.3, 108.7,  15.8,   5.1,  34.2, 129.8,  85.7
2020122706050811,1,12260803,16,     370063,  18.5,  20.5, 112.2,  11.8,  10.4,  16.6,   5.3,  77.1,   3.4,  10.4, 109.0,  15.7,   5.1,  34.5, 130.0,  86.3
2020122706050811,1,12260809,16,     373523,  18.6,  20.6, 112.8,  11.8,  10.4,  16.6,   5.3,  77.7,   3.5,  10.4, 108.1,  15.7,   5.0,  34.7, 130.8,  86.9
2020122706050811,1,12260815,16,     376878,  18.7,  20.6, 101.2,  11.9,  10.4,  16.5,   5.3,  78.0,   3.5,  10.4, 107.2,  15.7,   5.0,  34.9, 130.5,  86.5
2020122706050811,1,12260821,16,     383105,  18.9,  20.8, 101.3,  11.7,  10.5,  16.4,   5.4,  78.4,   3.4,  10.4, 107.2,  15.7,   5.0,  35.2, 127.9,  86.3
2020122706050811,1,12260827,16,     386038,  18.9,  20.8, 101.8,  11.8,  10.5,  16.4,   5.4,  78.6,   3.4,  10.4, 107.7,  15.4,   5.0,  35.3, 128.1,  85.9
2020122706050811,1,12260833,16,     389841,  18.9,  20.8,  99.1,  11.8,  10.5,  16.4,   5.4,  78.6,   3.4,  10.4, 107.7,  15.4,   5.0,  35.5, 127.6,  85.9
2020122706050811,1,12260838,16,     394126,  18.8,  20.9,  99.8,  11.8,  10.5,  16.2,   5.4,  79.0,   3.4,  10.3, 106.5,  15.5,   5.0,  35.7, 127.1,  84.9
2020122706050811,1,12260844,16,     397571,  18.8,  20.8,  99.7,  11.8,  10.6,  16.2,   5.4,  79.0,   3.5,  10.4, 106.5,  15.2,   5.0,  33.8, 127.1,  85.0
2020122706050811,1,12260850,16,     401894,  18.9,  20.9, 100.3,  11.9,  10.5,  16.2,   5.4,  79.8,   3.5,  10.4, 105.6,  15.3,   4.9,  33.9, 125.9,  85.4
2020122706050811,1,12260856,16,     405122,  19.0,  20.8, 100.3,  11.9,  10.6,  16.0,   5.5,  80.2,   3.5,  10.5, 104.2,  15.2,   4.9,  33.4, 125.9,  85.5
2020122706050811,1,12260902,16,     409342,  18.7,  20.9, 100.7,  11.9,  10.6,  16.1,   5.5,  79.4,   3.5,  10.3, 104.4,  15.2,   4.9,  33.5, 126.0,  85.6
2020122706050811,1,12260908,16,     415866,  18.8,  21.2, 100.2,  12.0,  10.6,  16.1,   5.5,  78.7,   3.5,   9.7, 104.9,  15.2,   4.9,  34.0, 123.8,  85.5
2020122706050811,1,12260913,16,     420330,  18.7,  21.3, 100.4,  12.0,  10.6,  16.1,   5.5,  77.6,   3.5,   9.8, 105.3,  15.3,   4.9,  33.4, 123.6,  85.2
2020122706050811,1,12260919,16,     424151,  18.3,  21.2, 100.3,  12.1,  10.6,  15.9,   5.5,  78.1,   3.5,   9.8, 105.7,  15.3,   4.9,  33.4, 123.3,  83.4
2020122706050811,1,12260925,16,     448393,  18.6,  21.8, 101.5,  12.1,  10.6,  16.0,   5.6,  78.3,   3.6,   9.9, 109.2,  15.4,   4.6,  32.6, 126.8,  85.3
2020122706050811,1,12260931,16,     473905,  18.9,  21.8, 100.1,  12.2,  10.6,  16.3,   5.3,  79.8,   3.8,   9.4, 110.2,  15.7,   4.6,  33.3, 127.3,  86.7
2020122706050811,1,12260937,16,     489759,  19.2,  21.8, 101.3,  12.1,  10.7,  16.4,   5.4,  74.8,   3.7,   9.5, 111.1,  15.8,   4.6,  33.8, 126.8,  86.9
2020122706050811,1,12260943,16,     504736,  18.8,  21.8, 102.1,  12.2,  10.6,  16.7,   5.4,  74.8,   3.7,   9.5, 112.1,  15.8,   4.6,  34.0, 127.2,  87.7
2020122706050811,1,12260948,16,     526419,  19.1,  22.0,  93.6,  12.0,  10.7,  16.8,   5.5,  74.7,   3.7,   9.5, 111.0,  15.8,   4.4,  33.3, 128.9,  88.8
2020122706050811,1,12260954,16,     554160,  19.6,  22.3,  95.0,  12.1,  10.5,  14.2,   5.6,  76.1,   3.9,   9.7, 113.8,  15.8,   4.3,  34.1, 130.3,  88.5
2020122706050811,1,12261000,16,     572649,  19.7,  22.4,  95.6,  12.1,  10.4,  14.2,   5.6,  77.3,   3.9,   9.5, 113.2,  15.9,   4.3,  34.5, 131.3,  88.3
2020122706050811,1,12261006,16,     593356,  20.2,  22.7,  97.2,  12.2,   9.9,  14.3,   5.7,  78.1,   3.9,   9.3, 114.6,  15.9,   4.3,  35.1, 129.9,  87.9
2020122706050811,1,12261012,16,     616636,  20.3,  23.0,  98.2,  12.3,   9.8,  14.4,   5.6,  79.6,   3.9,   9.1, 115.7,  16.1,   4.3,  35.6, 130.5,  86.7
2020122706050811,1,12261018,16,     642519,  20.5,  23.2,  98.0,  12.2,   9.6,  14.6,   5.7,  78.5,   4.0,   9.3, 117.4,  16.0,   4.1,  36.5, 131.2,  88.1
2020122706050811,1,12261023,16,     666600,  20.8,  23.5,  98.1,  12.3,   9.8,  14.6,   5.8,  77.3,   4.0,   9.2, 108.9,  16.0,   4.1,  36.9, 120.3,  86.3
2020122706050811,1,12261029,16,     688459,  21.0,  23.5, 100.1,  12.5,   9.8,  14.8,   5.9,  77.9,   4.0,   9.2, 109.5,  16.1,   4.0,  37.5, 120.9,  88.7
2020122706050811,1,12261035,16,     716526,  21.4,  24.0, 101.2,  12.7,   9.9,  15.0,   6.0,  79.1,   3.9,   9.4, 111.6,  16.2,   3.9,  38.4, 121.2,  89.3
2020122706050811,1,12261041,16,     745901,  21.6,  24.5, 102.2,  13.0,  10.1,  15.3,   6.0,  79.9,   4.0,   9.6, 113.2,  16.5,   3.7,  38.2, 122.0,  90.3
2020122706050811,1,12261047,16,     769615,  21.9,  24.8, 103.3,  13.1,  10.1,  15.5,   6.0,  79.3,   4.0,   9.4, 113.5,  16.1,   3.7,  38.7, 122.1,  90.6
2020122706050811,1,12261053,16,     793008,  22.3,  24.8, 103.9,  13.2,  10.2,  15.6,   6.0,  80.1,   3.9,   9.5, 113.7,  16.2,   3.7,  39.0, 122.4,  90.7
2020122706050811,1,12261058,16,     817686,  22.5,  25.2, 104.2,  13.3,  10.3,  15.8,   6.0,  80.6,   3.9,   9.4, 114.9,  16.2,   3.6,  39.3, 123.6,  91.3
2020122706050811,1,12261104,16,     845853,  22.8,  25.0, 104.8,  13.2,  10.3,  16.0,   6.1,  81.5,   3.7,   9.5, 116.4,  16.3,   3.7,  39.7, 123.5,  91.8
2020122706050811,1,12261110,16,     863342,  22.8,  24.9, 101.7,  13.1,  10.3,  16.2,   6.1,  82.2,   3.7,   9.4, 116.4,  16.2,   3.7,  40.2, 122.8,  90.9
2020122706050811,1,12261116,16,     892455,  19.9,  25.3, 101.1,  13.1,  10.1,  16.4,   6.2,  83.5,   3.8,   9.5, 117.6,  16.2,   3.7,  40.8, 122.6,  91.2
2020122706050811,1,12261122,16,     914109,  23.1,  25.0, 101.1,  13.1,  10.1,  16.1,   6.0,  82.1,   3.8,   9.4, 117.4,  16.4,   3.7,  41.1, 122.3,  91.5
2020122706050811,1,12261128,16,     942617,  23.1,  25.2, 101.7,  12.3,  10.1,  16.2,   5.8,  83.5,   3.9,   9.4, 117.9,  16.5,   3.8,  41.1, 122.8,  92.0
2020122706050811,1,12261134,16,     958108,  23.1,  25.2, 102.5,  12.1,  10.2,  16.3,   5.8,  83.9,   3.9,   9.4, 118.5,  16.3,   3.8,  41.3, 122.8,  92.2
2020122706050811,1,12261140,16,     984532,  23.0,  24.2, 103.0,  12.1,  10.0,  16.4,   5.8,  84.6,   3.9,   9.4, 119.4,  16.5,   3.8,  41.4, 122.8,  92.8
2020122706050811,1,12261145,16,    1005300,  23.1,  24.3, 103.5,  12.1,   9.9,  16.5,   5.9,  85.2,   3.9,   9.4, 119.1,  16.5,   3.8,  41.6, 121.9,  92.2
2020122706050811,1,12261151,16,    1026311,  23.2,  24.2, 104.0,  12.2,   9.9,  16.5,   5.8,  85.4,   3.9,   9.4, 118.2,  16.6,   3.8,  41.8, 121.7,  91.9
2020122706050811,1,12261157,16,    1050120,  23.5,  23.6, 104.8,  12.2,   9.9,  16.4,   5.8,  84.9,   3.9,   9.5, 118.5,  16.6,   3.8,  40.9, 120.9,  89.4
2020122706050811,1,12261203,16,    1071919,  23.5,  23.1, 105.3,  12.2,   9.9,  16.5,   5.9,  82.9,   3.9,   9.5, 119.5,  16.6,   3.8,  41.3, 118.7,  88.7
2020122706050811,1,12261209,16,    1101762,  23.7,  23.4, 106.3,  12.4,   9.8,  16.6,   5.8,  83.7,   3.9,   9.5, 120.9,  16.6,   3.8,  41.3, 115.9,  89.9
2020122706050811,1,12261215,16,    1133494,  23.9,  23.8, 106.4,  12.3,   9.8,  16.7,   5.8,  84.4,   3.9,   9.6, 121.0,  16.6,   3.7,  41.7, 116.3,  86.5
2020122706050811,1,12261220,16,    1154837,  23.7,  23.7, 101.5,  12.4,   9.5,  16.8,   5.9,  84.9,   3.9,   9.6, 121.6,  16.6,   3.8,  41.1, 114.0,  90.0
2020122706050811,1,12261226,16,    1188980,  23.6,  23.9,  99.6,  11.7,   9.6,  16.9,   5.9,  84.8,   3.9,   9.7, 118.4,  16.6,   3.8,  41.3, 110.8,  88.4
2020122706050811,1,12261232,16,    1208067,  23.8,  23.8, 100.0,  11.7,   9.6,  16.9,   5.9,  85.3,   3.9,   9.6, 118.7,  16.5,   3.8,  41.3, 111.4,  89.0
2020122706050811,1,12261238,16,    1240201,  23.6,  23.6,  99.4,  11.6,   9.6,  17.0,   5.9,  86.1,   3.9,   9.5, 117.4,  16.5,   3.8,  42.0, 111.0,  86.0
2020122706050811,1,12261244,16,    1267907,  23.8,  23.7,  99.2,  11.6,   9.5,  17.0,   5.9,  86.4,   3.9,   9.4, 117.1,  16.5,   3.8,  42.3, 110.8,  85.5
2020122706050811,1,12261250,16,    1290321,  23.7,  23.8,  99.8,  11.7,   9.5,  17.1,   5.9,  86.2,   3.9,   9.5, 116.7,  16.5,   3.8,  42.7, 107.7,  86.2
2020122706050811,1,12261255,16,    1314608,  23.7,  23.9, 100.3,  11.8,   9.5,  17.1,   5.9,  86.3,   4.0,   9.4, 117.2,  16.5,   3.8,  43.1, 108.0,  86.7
2020122706050811,1,12261301,16,    1339092,  23.7,  24.1, 100.2,  11.8,   9.6,  17.1,   5.9,  87.0,   3.9,   9.3, 117.7,  16.5,   3.8,  43.0, 107.1,  87.5
2020122706050811,1,12261307,16,    1379390,  24.0,  24.4, 101.7,  11.9,   9.7,  17.1,   6.0,  88.5,   3.8,   9.5, 119.0,  16.1,   3.8,  43.4, 109.0,  88.5
2020122706050811,1,12261313,16,    1408461,  24.1,  24.6, 102.4,  11.7,   9.8,  17.1,   6.0,  89.8,   3.8,   9.5, 119.9,  16.1,   3.8,  43.6, 109.2,  88.1
2020122706050811,1,12261319,16,    1453236,  24.4,  25.0, 102.7,  11.5,  10.0,  17.3,   5.8,  89.7,   3.8,   9.6, 120.2,  16.3,   3.8,  44.0, 110.6,  89.7
2020122706050811,1,12261325,16,    1479497,  24.4,  25.0, 102.0,  11.6,  10.0,  17.2,   5.8,  89.6,   3.8,   9.6, 119.8,  16.2,   3.8,  43.7, 109.5,  90.4
2020122706050811,1,12261331,16,    1501371,  24.2,  24.6,  99.1,  11.7,  10.0,  17.2,   5.8,  88.9,   3.9,   9.5, 119.5,  16.1,   3.8,  42.9, 107.8,  90.1
2020122706050811,1,12261337,16,    1533110,  24.2,  24.7,  98.9,  11.7,   9.9,  17.3,   5.8,  90.1,   3.9,   9.5, 119.6,  16.3,   3.8,  43.4, 108.3,  89.4
2020122706050811,1,12261342,16,    1559056,  24.3,  24.8,  98.7,  11.7,  10.0,  17.3,   5.8,  89.8,   3.9,   9.5, 118.2,  16.3,   3.8,  43.6, 108.1,  89.8
2020122706050811,1,12261348,16,    1585804,  24.4,  24.9,  99.0,  11.8,  10.0,  17.2,   5.8,  89.6,   3.9,   9.4, 117.8,  16.4,   3.8,  44.0, 108.4,  90.1
2020122706050811,1,12261354,16,    1612015,  24.5,  25.2,  99.6,  11.7,  10.1,  17.1,   5.8,  89.9,   3.9,   9.4, 117.9,  16.5,   3.8,  44.3, 107.1,  90.1
2020122706050811,1,12261400,16,    1634000,  24.5,  25.2,  98.7,  11.8,  10.1,  17.1,   5.8,  89.4,   3.9,   9.4, 117.4,  16.4,   3.8,  44.2, 107.6,  90.3
2020122706050811,1,12261406,16,    1643319,  24.4,  25.2,  98.8,  11.8,  10.1,  17.1,   5.8,  89.4,   3.9,   9.4, 117.0,  16.4,   3.8,  44.2, 107.8,  89.7
2020122706050811,1,12261412,16,    1648055,  24.4,  25.2,  98.2,  11.8,  10.0,  17.1,   5.8,  89.4,   3.9,   9.4, 117.1,  16.4,   3.8,  44.2, 107.8,  89.9
2020122706050811,1,12261418,16,    1655501,  24.4,  25.1,  98.4,  11.8,  10.0,  17.1,   5.9,  89.4,   3.9,   9.4, 117.0,  16.5,   3.8,  44.2, 108.0,  90.0
2020122706050811,1,12261423,16,    1661616,  24.3,  25.1,  97.5,  11.8,  10.0,  17.1,   5.9,  89.4,   3.9,   9.4, 117.1,  16.5,   3.8,  44.3, 108.2,  90.2
2020122706050811,1,12261429,16,    1666352,  24.3,  25.1,  97.4,  11.7,  10.1,  17.1,   5.9,  89.3,   3.9,   9.4, 116.0,  16.4,   3.8,  44.3, 107.5,  90.2
2020122706050811,1,12261435,16,    1671308,  24.3,  25.1,  97.5,  11.8,  10.0,  17.0,   5.9,  89.1,   3.9,   9.4, 115.4,  16.4,   3.8,  44.3, 107.0,  90.2
2020122706050811,1,12261441,16,    1677348,  24.3,  25.1,  97.4,  11.7,  10.0,  17.0,   5.9,  89.3,   3.9,   9.4, 115.3,  16.4,   3.8,  44.4, 107.0,  90.3
2020122706050811,1,12261446,16,    1683649,  24.4,  25.2,  97.7,  11.8,  10.0,  17.0,   5.9,  88.8,   3.9,   9.4, 115.3,  16.4,   3.8,  44.5, 107.2,  90.2
2020122706050811,1,12261451,16,    1686563,  24.4,  25.1,  97.6,  11.8,  10.0,  17.0,   5.9,  88.6,   3.9,   9.4, 114.9,  16.4,   3.8,  44.3, 107.0,  90.0
2020122706050811,1,12261456,16,    1691803,  24.3,  25.1,  97.7,  11.7,  10.0,  16.9,   5.9,  88.7,   3.9,   9.4, 115.0,  16.3,   3.8,  44.3, 107.0,  90.1
2020122706050811,1,12261501,16,    1697187,  24.4,  25.0,  97.7,  11.8,  10.0,  16.9,   5.9,  88.7,   3.9,   9.4, 115.2,  16.3,   3.8,  44.2, 107.1,  90.3
2020122706050811,1,12261506,16,    1701595,  24.4,  25.1,  97.5,  11.8,  10.0,  16.9,   5.9,  88.7,   3.9,   9.4, 115.1,  16.3,   3.8,  44.2, 106.7,  90.0
2020122706050811,1,12261511,16,    1712415,  24.5,  25.1,  97.9,  11.8,  10.0,  16.0,   5.9,  88.5,   3.9,   9.4, 115.5,  16.4,   3.8,  44.4, 106.8,  89.5
2020122706050811,1,12261516,16,    1719112,  24.5,  25.2,  98.1,  11.9,  10.0,  16.0,   5.8,  88.7,   3.9,   9.4, 115.8,  16.4,   3.8,  44.5, 107.0,  89.3
2020122706050811,1,12261521,16,    1727460,  24.5,  25.0,  98.3,  11.9,  10.0,  16.0,   5.8,  88.7,   3.9,   9.4, 115.7,  16.4,   3.8,  44.6, 107.1,  89.4
2020122706050811,1,12261526,16,    1737372,  24.4,  25.0,  97.9,  11.9,  10.0,  16.0,   5.9,  88.6,   3.9,   9.4, 115.0,  16.3,   3.8,  44.2, 106.7,  89.2
2020122706050811,1,12261532,16,    1743816,  24.5,  25.1,  97.9,  11.9,  10.0,  16.0,   5.8,  88.7,   3.9,   9.4, 115.1,  16.3,   3.8,  44.3, 106.8,  89.4
2020122706050811,1,12261537,16,    1752932,  24.5,  25.2,  98.3,  12.0,  10.0,  16.1,   5.9,  88.8,   3.9,   9.4, 115.1,  16.3,   3.8,  44.2, 107.1,  89.3
2020122706050811,1,12261542,16,    1761436,  24.5,  25.2,  98.5,  12.0,  10.0,  16.1,   5.9,  88.7,   3.9,   9.4, 115.3,  16.2,   3.8,  44.3, 107.0,  89.4
2020122706050811,1,12261548,16,    1768536,  24.6,  25.2,  98.5,  12.0,  10.0,  16.1,   5.9,  89.0,   3.9,   9.4, 115.3,  16.1,   3.8,  44.3, 107.0,  89.4
2020122706050811,1,12261553,16,    1785502,  24.6,  25.2,  98.8,  12.0,  10.0,  16.2,   5.9,  89.2,   3.8,   9.4, 114.8,  16.2,   3.8,  44.4, 107.0,  89.9
2020122706050811,1,12261558,16,    1848314,  25.3,  25.9, 101.5,  11.1,  10.2,  16.6,   6.1,  92.0,   3.9,   8.0, 118.5,  16.6,   3.9,  45.7, 109.6,  92.8
2020122706050811,1,12261603,16,    1876718,  25.5,  26.1, 102.3,  10.8,  10.3,  16.7,   6.1,  92.8,   3.9,   8.1, 119.7,  16.7,   3.9,  46.0, 110.6,  93.7
2020122706050811,1,12261608,16,    1892260,  25.5,  26.1, 102.7,  10.7,  10.3,  16.7,   6.1,  92.5,   3.9,   8.1, 119.4,  16.6,   3.9,  46.0, 111.1,  93.9
2020122706050811,1,12261613,16,    1907717,  25.6,  26.2, 103.3,  10.8,  10.3,  16.8,   6.1,  92.7,   3.9,   8.0, 120.0,  16.7,   3.9,  46.1, 111.7,  94.3
2020122706050811,1,12261618,16,    1930769,  25.6,  26.3, 104.3,  10.8,  10.3,  16.7,   6.1,  93.6,   3.9,   8.1, 121.0,  16.7,   3.9,  46.0, 112.6,  95.0
2020122706050811,1,12261623,16,    1949319,  25.5,  26.2, 104.8,  10.8,  10.3,  16.8,   6.2,  93.8,   3.8,   8.1, 120.8,  16.7,   3.9,  46.0, 113.3,  95.4
2020122706050811,1,12261628,16,    1980766,  25.4,  26.2, 105.9,  10.2,  10.4,  16.9,   6.2,  95.0,   3.8,   8.1, 122.0,  16.7,   3.9,  46.3, 114.4,  96.2
2020122706050811,1,12261633,16,    2005265,  25.4,  26.3, 106.9,  10.2,  10.5,  16.8,   6.2,  95.2,   3.8,   8.2, 122.9,  16.7,   3.9,  46.1, 115.1,  96.7
2020122706050811,1,12261638,16,    2025028,  25.1,  26.3, 107.4,  10.3,  10.5,  16.8,   6.2,  95.0,   3.8,   8.2, 123.1,  16.7,   3.9,  46.2, 115.4,  97.2
2020122706050811,1,12261643,16,    2040212,  25.1,  26.3, 107.5,  10.3,  10.5,  16.8,   6.2,  95.0,   3.8,   8.2, 123.2,  16.6,   3.9,  46.1, 116.0,  97.4
2020122706050811,1,12261648,16,    2064295,  25.2,  26.5, 108.1,  10.4,  10.6,  17.0,   6.3,  95.7,   3.8,   7.8, 124.0,  16.7,   4.0,  46.5, 116.8,  98.2
2020122706050811,1,12261653,16,    2084964,  25.2,  26.7, 108.7,  10.4,  10.6,  17.1,   6.3,  95.7,   3.8,   7.8, 124.5,  16.8,   3.9,  46.6, 117.6,  98.8
2020122706050811,1,12261658,16,    2126593,  25.6,  27.1, 110.4,  10.6,  10.8,  17.3,   6.4,  97.4,   3.8,   7.9, 126.6,  16.1,   3.8,  47.1, 119.6, 100.0
2020122706050811,1,12261703,16,    2139776,  25.5,  27.2, 110.7,  10.6,  10.7,  17.4,   6.4,  97.5,   3.8,   7.9, 126.6,  16.0,   3.8,  47.3, 119.8,  99.9
2020122706050811,1,12261708,16,    2148665,  25.5,  27.1, 110.8,  10.6,  10.8,  17.4,   6.4,  97.5,   3.8,   7.9, 126.5,  16.0,   3.8,  47.3, 119.8,  99.6
2020122706050811,1,12261713,16,    2174200,  25.7,  27.4, 112.0,  10.7,  10.8,  17.5,   6.5,  98.4,   3.8,   8.0, 127.7,  16.1,   3.7,  47.6, 120.8, 100.6
2020122706050811,1,12261718,16,    2186662,  25.7,  27.3, 112.2,  10.7,  10.9,  17.5,   6.5,  98.1,   3.8,   8.0, 128.0,  16.1,   3.7,  47.4, 120.3, 100.9
2020122706050811,1,12261723,16,    2204321,  25.9,  27.4, 112.5,  10.8,  10.9,  17.5,   6.5,  98.5,   3.8,   8.0, 128.7,  16.1,   3.7,  47.4, 120.7, 101.4
2020122706050811,1,12261728,16,    2219597,  25.7,  27.4, 112.1,  10.8,  10.9,  17.6,   6.5,  98.9,   3.8,   8.0, 128.5,  16.1,   3.7,  47.7, 121.0, 101.8
2020122706050811,2,12261733,16,    2222809,  25.6,  27.4, 112.1,  10.8,  10.9,  17.6,   6.5,  98.9,   3.8,   8.0, 128.6,  16.1,   3.7,  47.7, 121.0, 101.9
2020122706050811,1,12261933,16,    2225216,  25.6,  27.3, 112.2,  10.8,  11.0,  17.6,   6.5,  99.0,   3.8,   8.0, 128.8,  16.1,   3.7,  47.8, 121.1, 102.1
2020122706050811,1,12261939,16,    2234763,  25.7,  27.2, 112.5,  10.8,  11.0,  17.6,   6.5,  99.1,   3.7,   8.0, 128.9,  16.1,   3.7,  47.8, 121.4, 102.1
2020122706050811,1,12261944,16,    2260062,  25.6,  27.2, 112.3,  10.8,  11.0,  17.6,   6.5,  99.0,   3.7,   8.0, 129.1,  16.1,   3.7,  48.1, 122.0, 102.3
2020122706050811,1,12261950,16,    2290149,  25.9,  27.4, 113.3,  10.7,  11.0,  17.7,   6.4,  99.3,   3.7,   8.1, 129.2,  15.5,   3.7,  48.6, 123.1, 103.2
2020122706050811,1,12261955,16,    2311700,  25.8,  27.5, 113.3,  10.7,  11.0,  17.8,   6.4,  99.5,   3.7,   8.1, 129.4,  15.5,   3.8,  48.7, 123.6, 103.2
2020122706050811,1,12262001,16,    2332835,  25.8,  27.5, 113.4,  10.7,  10.8,  17.8,   6.4, 100.0,   3.7,   8.1, 129.1,  15.6,   3.8,  49.0, 124.3, 103.6
2020122706050811,1,12262006,16,    2352435,  25.8,  27.4, 113.7,  10.7,  10.8,  17.8,   6.4,  99.6,   3.7,   8.1, 128.5,  15.6,   3.8,  49.1, 124.5, 103.2
2020122706050811,1,12262012,16,    2364481,  25.8,  27.5, 113.8,  10.7,  10.8,  17.8,   6.4,  99.6,   3.7,   8.1, 128.0,  15.6,   3.8,  49.1, 124.6, 103.3
2020122706050811,1,12262017,16,    2385781,  25.8,  27.5, 113.5,  10.8,  10.8,  17.8,   6.4,  99.9,   3.7,   8.1, 127.7,  15.6,   3.8,  49.0, 125.1, 103.2
2020122706050811,1,12262023,16,    2403305,  25.7,  27.4, 113.9,  10.8,  10.8,  17.8,   6.4, 100.2,   3.7,   8.1, 128.1,  15.6,   3.8,  49.1, 125.3, 103.5
2020122706050811,1,12262028,16,    2425571,  25.6,  27.5, 114.1,  10.8,  10.7,  17.8,   6.5, 100.2,   3.7,   8.1, 128.7,  15.5,   3.8,  49.2, 124.7, 104.0
2020122706050811,1,12262034,16,    2440592,  25.6,  27.5, 114.2,  10.8,  10.7,  17.9,   6.5, 100.5,   3.7,   8.1, 129.0,  15.5,   3.8,  49.3, 125.0, 104.0
2020122706050811,1,12262039,16,    2464868,  25.6,  27.7, 114.6,  10.9,  10.7,  17.9,   6.4, 100.5,   3.6,   8.1, 129.1,  15.5,   3.8,  49.4, 123.8, 104.1
2020122706050811,1,12262045,16,    2478827,  25.4,  27.7, 114.7,  10.9,  10.7,  17.9,   6.4, 100.6,   3.6,   8.1, 128.6,  15.5,   3.8,  49.0, 123.7, 104.1
2020122706050811,1,12262050,16,    2503516,  25.4,  27.7, 114.9,  11.0,  10.7,  17.9,   6.5, 100.5,   3.6,   8.1, 128.6,  15.6,   3.8,  48.9, 123.2, 103.8
2020122706050811,1,12262056,16,    2519338,  25.5,  27.7, 115.2,  11.0,  10.7,  17.9,   6.5, 100.8,   3.6,   8.1, 129.0,  15.6,   3.8,  49.1, 122.8, 104.0
2020122706050811,1,12262101,16,    2545580,  25.5,  27.7, 115.0,  11.0,  10.7,  18.0,   6.5, 100.8,   3.6,   8.1, 129.0,  15.7,   3.8,  48.4, 122.9, 104.0
2020122706050811,1,12262107,16,    2558789,  25.5,  27.6, 115.2,  11.1,  10.7,  18.0,   6.5, 100.7,   3.6,   8.2, 128.8,  15.7,   3.8,  48.6, 122.9, 104.1
2020122706050811,1,12262112,16,    2578970,  25.4,  27.3, 114.7,  11.1,  10.7,  18.0,   6.5, 100.5,   3.6,   8.1, 128.1,  15.7,   3.9,  48.6, 122.6, 104.0
2020122706050811,1,12262118,16,    2592673,  25.4,  27.3, 114.8,  11.1,  10.7,  18.0,   6.5, 100.5,   3.6,   8.1, 128.0,  15.7,   3.9,  48.0, 123.0, 103.9
2020122706050811,1,12262123,16,    2615554,  25.4,  27.4, 115.2,  11.1,  10.8,  18.1,   6.5, 100.4,   3.5,   8.1, 128.0,  15.8,   3.9,  47.8, 123.0, 104.0
2020122706050811,1,12262129,16,    2630147,  25.5,  27.3, 115.1,  11.1,  10.8,  18.1,   6.5, 100.5,   3.5,   8.1, 128.2,  15.8,   3.9,  48.0, 123.0, 104.0
2020122706050811,1,12262134,16,    2660201,  25.5,  27.3, 114.9,  11.1,  10.8,  18.2,   6.5,  99.9,   3.5,   8.1, 128.4,  15.8,   3.9,  48.2, 123.4, 104.3
2020122706050811,1,12262140,16,    2675517,  25.5,  27.3, 114.9,  11.1,  10.8,  18.1,   6.5,  99.8,   3.5,   8.1, 127.1,  15.8,   3.9,  48.1, 123.0, 104.1
2020122706050811,1,12262145,16,    2702335,  25.6,  27.2, 114.7,  11.1,  10.7,  18.1,   6.6, 100.0,   3.5,   8.1, 126.5,  15.9,   3.9,  48.3, 123.6, 104.3
2020122706050811,1,12262151,16,    2725458,  25.7,  27.4, 115.2,  11.2,  10.8,  18.2,   6.5, 100.5,   3.5,   8.2, 127.0,  15.9,   3.9,  48.4, 123.9, 104.8
2020122706050811,1,12262156,16,    2752012,  25.7,  27.4, 115.5,  11.1,  10.8,  18.3,   6.5, 100.1,   3.5,   8.1, 126.9,  15.9,   3.9,  48.2, 124.1, 104.9
2020122706050811,1,12262202,16,    2769035,  25.7,  27.3, 115.6,  11.2,  10.8,  18.3,   6.5,  99.9,   3.5,   8.1, 126.8,  15.9,   3.9,  48.3, 124.2, 105.1
2020122706050811,1,12262207,16,    2794723,  25.7,  27.3, 115.8,  11.1,  10.8,  18.3,   6.5, 100.0,   3.5,   8.0, 126.2,  15.9,   3.9,  48.5, 123.9, 105.5
2020122706050811,1,12262213,16,    2809002,  25.5,  27.2, 116.0,  11.1,  10.9,  18.3,   6.5, 100.1,   3.5,   8.0, 125.8,  16.0,   3.9,  48.5, 123.8, 104.6
2020122706050811,1,12262218,16,    2834796,  25.6,  27.3, 116.5,  11.1,  10.9,  18.4,   6.5, 100.5,   3.5,   8.1, 126.2,  16.0,   3.9,  48.8, 124.1, 104.5
2020122706050811,1,12262224,16,    2851064,  25.5,  27.3, 116.5,  11.1,  10.9,  18.4,   6.5, 100.2,   3.4,   8.1, 125.9,  16.0,   3.9,  48.9, 124.2, 104.3
2020122706050811,1,12262229,16,    2875560,  25.6,  27.3, 116.2,  11.2,  10.9,  18.5,   6.5, 100.3,   3.4,   8.0, 125.9,  16.0,   3.9,  49.0, 124.0, 104.3
2020122706050811,1,12262235,16,    2887741,  25.5,  27.4, 116.2,  11.2,  10.9,  18.5,   6.6, 100.2,   3.4,   8.0, 125.0,  16.0,   3.9,  49.1, 124.1, 104.2
2020122706050811,1,12262240,16,    2914597,  25.4,  27.4, 116.1,  11.2,  10.9,  18.5,   6.6,  99.6,   3.4,   8.0, 124.4,  16.0,   4.0,  49.1, 124.7, 104.3
2020122706050811,1,12262246,16,    2927762,  25.4,  27.4, 116.3,  11.2,  10.9,  18.5,   6.6,  99.5,   3.4,   8.0, 123.7,  15.9,   4.0,  49.1, 124.7, 104.3
2020122706050811,1,12262251,16,    2951481,  25.4,  27.4, 116.5,  11.2,  10.9,  18.5,   6.6,  99.4,   3.4,   8.0, 123.2,  15.9,   4.0,  49.3, 125.0, 103.9
2020122706050811,1,12262257,16,    2966981,  25.4,  27.5, 115.3,  11.2,  10.9,  18.5,   6.6,  99.1,   3.4,   8.0, 122.4,  16.0,   4.0,  49.4, 125.0, 104.1
2020122706050811,1,12262302,16,    2999554,  25.4,  27.6, 115.5,  11.3,  10.9,  18.6,   6.4,  99.3,   3.4,   8.0, 122.0,  16.1,   4.0,  49.6, 125.1, 104.4
2020122706050811,1,12262308,16,    3013079,  25.4,  27.6, 115.7,  11.3,  11.0,  18.6,   6.4,  99.4,   3.4,   8.0, 121.7,  16.0,   4.0,  49.6, 125.2, 104.5
2020122706050811,1,12262313,16,    3034039,  25.5,  27.6, 115.8,  11.3,  11.0,  18.6,   6.4,  99.7,   3.4,   8.0, 122.1,  16.0,   4.0,  49.6, 125.5, 104.6
2020122706050811,1,12262319,16,    3047392,  25.4,  27.6, 115.8,  11.4,  11.0,  18.6,   6.4,  99.9,   3.4,   8.0, 122.2,  16.0,   4.0,  49.7, 125.8, 104.4
2020122706050811,1,12262324,16,    3068685,  25.5,  27.6, 115.4,  11.4,  11.0,  18.6,   6.4,  99.7,   3.4,   8.0, 122.1,  16.0,   4.0,  49.8, 126.1, 104.3
2020122706050811,1,12262330,16,    3087734,  25.4,  27.6, 115.6,  11.4,  11.0,  18.7,   6.4,  99.5,   3.4,   8.0, 121.7,  16.0,   4.0,  50.0, 126.2, 104.4
2020122706050811,1,12262335,16,    3099117,  25.4,  27.5, 115.3,  11.4,  11.0,  18.7,   6.4,  99.3,   3.4,   8.0, 121.6,  16.0,   4.0,  49.8, 125.8, 104.2
2020122706050811,1,12262341,16,    3124752,  25.4,  27.6, 115.7,  11.5,  10.9,  18.8,   6.4,  98.6,   3.4,   8.0, 121.6,  16.1,   4.0,  50.0, 126.2, 104.7
2020122706050811,1,12262346,16,    3137181,  25.3,  27.5, 115.3,  11.5,  10.9,  18.8,   6.4,  98.5,   3.4,   8.0, 121.4,  16.1,   4.0,  50.1, 125.7, 104.6
2020122706050811,1,12262352,16,    3150468,  25.3,  27.3, 114.9,  11.5,  10.9,  18.8,   6.4,  98.1,   3.4,   8.1, 121.0,  16.1,   4.0,  50.0, 125.8, 104.0
2020122706050811,1,12262357,16,    3158592,  25.3,  27.3, 115.1,  11.5,  10.9,  18.9,   6.4,  98.1,   3.4,   8.1, 121.0,  16.1,   4.0,  49.9, 125.9, 103.9
2020122706050811,1,12270008,16,    3178536,  25.3,  27.2, 115.1,  11.5,  10.9,  18.9,   6.4,  98.1,   3.4,   8.0, 120.0,  16.1,   4.0,  50.0, 125.6, 103.3
2020122706050811,1,12270014,16,    3196009,  25.3,  27.2, 115.2,  11.5,  11.0,  18.9,   6.4,  98.2,   3.3,   8.0, 119.8,  16.1,   4.0,  49.8, 125.4, 103.1
2020122706050811,1,12270019,16,    3212657,  25.3,  27.2, 115.3,  11.6,  10.9,  18.9,   6.4,  98.5,   3.3,   8.0, 119.6,  16.2,   4.0,  49.8, 125.7, 103.3
2020122706050811,1,12270025,16,    3236711,  25.4,  27.3, 115.5,  11.6,  11.0,  18.9,   6.4,  98.9,   3.3,   8.1, 119.5,  16.3,   4.0,  49.9, 126.1, 103.6
2020122706050811,1,12270030,16,    3252208,  25.5,  27.4, 115.6,  11.6,  11.0,  18.9,   6.4,  99.0,   3.3,   8.0, 119.8,  16.3,   4.0,  50.0, 126.2, 103.3
2020122706050811,1,12270036,16,    3266921,  25.4,  27.3, 115.6,  11.7,  11.0,  18.9,   6.4,  98.6,   3.3,   8.1, 119.1,  16.3,   4.0,  50.0, 126.3, 103.5
2020122706050811,1,12270041,16,    3277701,  25.4,  27.3, 115.4,  11.7,  11.0,  18.9,   6.4,  98.5,   3.3,   8.0, 118.7,  16.3,   4.0,  50.0, 125.9, 103.4
2020122706050811,1,12270047,16,    3292532,  25.4,  27.2, 115.4,  11.7,  11.0,  18.9,   6.5,  98.4,   3.3,   8.1, 118.1,  16.3,   4.0,  49.9, 125.5, 103.4
2020122706050811,1,12270052,16,    3309450,  25.5,  27.3, 115.8,  11.7,  11.0,  19.0,   6.5,  98.5,   3.3,   8.0, 118.4,  16.4,   4.0,  50.0, 125.8, 103.7
2020122706050811,1,12270058,16,    3324898,  25.4,  27.3, 116.0,  11.7,  11.0,  19.0,   6.5,  98.8,   3.3,   8.1, 118.5,  16.4,   4.0,  50.1, 125.7, 103.5
2020122706050811,1,12270103,16,    3332176,  25.4,  27.2, 115.9,  11.7,  11.0,  19.0,   6.5,  98.7,   3.3,   8.1, 118.5,  16.4,   4.0,  50.1, 125.7, 103.3
2020122706050811,1,12270109,16,    3345418,  25.5,  27.1, 115.4,  11.8,  11.0,  19.0,   6.5,  98.7,   3.3,   8.1, 118.5,  16.4,   4.0,  50.1, 125.6, 103.4
2020122706050811,1,12270114,16,    3354123,  25.5,  27.1, 115.3,  11.8,  11.0,  19.0,   6.5,  98.7,   3.3,   8.1, 118.4,  16.4,   4.0,  50.2, 125.4, 102.8
2020122706050811,1,12270120,16,    3366454,  25.4,  27.1, 115.4,  11.8,  11.0,  19.0,   6.5,  98.4,   3.3,   8.1, 118.3,  16.4,   4.0,  50.1, 125.4, 102.8
2020122706050811,1,12270125,16,    3377533,  25.4,  27.0, 115.0,  11.8,  11.0,  19.1,   6.5,  98.3,   3.3,   8.1, 118.3,  16.4,   4.0,  50.3, 125.5, 102.5
2020122706050811,1,12270131,16,    3389235,  25.4,  27.0, 115.2,  11.8,  11.0,  19.1,   6.5,  98.2,   3.3,   8.1, 117.9,  16.4,   4.0,  50.4, 125.3, 102.1
2020122706050811,1,12270136,16,    3396868,  25.4,  26.9, 115.2,  11.8,  11.0,  19.1,   6.5,  98.0,   3.3,   8.1, 117.6,  16.4,   4.0,  50.3, 125.3, 102.1
2020122706050811,1,12270142,16,    3407321,  25.5,  26.8, 115.4,  11.8,  11.0,  19.1,   6.5,  98.0,   3.3,   8.1, 117.7,  16.4,   4.0,  50.4, 125.5, 102.3
2020122706050811,1,12270147,16,    3415343,  25.5,  26.6, 115.6,  11.8,  11.0,  19.1,   6.5,  98.0,   3.3,   8.1, 117.8,  16.4,   4.0,  50.4, 125.6, 102.4
2020122706050811,1,12270153,16,    3427860,  25.5,  26.6, 115.9,  11.9,  11.1,  19.1,   6.5,  98.1,   3.3,   8.1, 117.7,  16.4,   4.0,  50.4, 125.9, 102.5
2020122706050811,1,12270158,16,    3433380,  25.5,  26.6, 115.9,  11.9,  11.1,  19.1,   6.5,  98.1,   3.3,   8.1, 117.6,  16.4,   4.0,  50.4, 125.8, 102.5
2020122706050811,1,12270204,16,    3441276,  25.5,  26.6, 116.0,  11.9,  11.1,  19.1,   6.5,  98.2,   3.3,   8.2, 117.5,  16.4,   4.0,  50.5, 126.0, 102.6
2020122706050811,1,12270209,16,    3446533,  25.6,  26.6, 116.1,  11.9,  11.0,  19.1,   6.5,  98.2,   3.3,   8.2, 117.4,  16.4,   4.0,  50.5, 126.0, 102.6
2020122706050811,1,12270215,16,    3461309,  25.6,  26.6, 116.2,  11.9,  11.1,  19.1,   6.5,  98.5,   3.3,   8.1, 117.2,  16.5,   4.0,  50.7, 126.3, 103.0
2020122706050811,1,12270220,16,    3472127,  25.7,  26.6, 116.4,  11.9,  11.1,  19.2,   6.5,  98.5,   3.2,   8.1, 117.3,  16.5,   4.0,  50.8, 126.4, 103.2
2020122706050811,1,12270226,16,    3483759,  25.6,  26.5, 116.7,  12.0,  11.1,  19.2,   6.5,  98.5,   3.2,   8.1, 117.1,  16.5,   4.0,  50.8, 126.7, 103.5
2020122706050811,1,12270231,16,    3490230,  25.5,  26.5, 116.7,  11.9,  11.1,  19.2,   6.5,  98.3,   3.2,   8.2, 117.1,  16.5,   4.0,  50.8, 126.5, 103.4
2020122706050811,1,12270237,16,    3500575,  25.6,  26.4, 116.8,  12.0,  11.1,  19.2,   6.5,  98.3,   3.2,   8.2, 117.0,  16.5,   4.0,  50.8, 126.5, 103.5
2020122706050811,1,12270242,16,    3507542,  25.6,  26.4, 116.7,  12.0,  11.1,  19.2,   6.5,  98.1,   3.2,   8.2, 116.8,  16.5,   4.0,  50.8, 126.0, 103.6
2020122706050811,1,12270248,16,    3515005,  25.5,  26.4, 116.7,  12.0,  11.1,  19.2,   6.5,  98.2,   3.2,   8.2, 116.7,  16.5,   4.0,  50.9, 125.9, 103.6
2020122706050811,1,12270253,16,    3519579,  25.5,  26.4, 116.7,  12.0,  11.1,  19.2,   6.5,  98.2,   3.2,   8.2, 116.8,  16.5,   4.0,  51.0, 125.9, 103.6
2020122706050811,1,12270259,16,    3530565,  25.6,  26.4, 116.8,  11.9,  11.2,  19.3,   6.5,  98.3,   3.2,   8.2, 116.9,  16.6,   4.0,  50.9, 126.1, 103.6
2020122706050811,1,12270304,16,    3537920,  25.4,  26.4, 116.9,  12.0,  11.2,  19.3,   6.5,  98.1,   3.2,   8.2, 117.0,  16.6,   4.0,  51.0, 126.2, 103.7
2020122706050811,1,12270310,16,    3544218,  25.4,  26.4, 116.9,  12.0,  11.2,  19.3,   6.5,  97.7,   3.2,   8.2, 117.0,  16.6,   4.0,  51.0, 126.1, 103.2
2020122706050811,1,12270315,16,    3548120,  25.4,  26.4, 116.7,  12.0,  11.2,  19.3,   6.5,  97.6,   3.2,   8.2, 117.1,  16.6,   4.0,  50.8, 126.0, 103.3
2020122706050811,1,12270321,16,    3554709,  25.4,  26.4, 116.6,  12.0,  11.2,  19.3,   6.5,  97.7,   3.2,   8.2, 117.2,  16.6,   4.0,  50.9, 126.2, 103.4
2020122706050811,1,12270326,16,    3558135,  25.4,  26.4, 116.6,  12.0,  11.2,  19.3,   6.5,  97.7,   3.2,   8.2, 117.2,  16.6,   4.0,  50.9, 126.3, 103.4
2020122706050811,1,12270332,16,    3563515,  25.3,  26.4, 116.6,  12.0,  11.2,  19.3,   6.5,  97.7,   3.2,   8.2, 116.9,  16.6,   4.0,  50.9, 126.2, 103.5
2020122706050811,1,12270337,16,    3569601,  25.4,  26.2, 116.7,  12.0,  11.2,  19.3,   6.5,  97.8,   3.2,   8.2, 116.9,  16.5,   4.0,  51.0, 126.3, 103.7
2020122706050811,1,12270343,16,    3577555,  25.4,  26.1, 116.6,  12.0,  11.2,  19.3,   6.5,  97.8,   3.2,   8.2, 116.9,  16.6,   4.0,  51.0, 126.4, 103.6
2020122706050811,1,12270349,16,    3580368,  25.4,  26.1, 116.6,  12.0,  11.2,  19.3,   6.5,  97.7,   3.2,   8.2, 116.9,  16.6,   4.0,  51.0, 126.1, 103.6
2020122706050811,1,12270354,16,    3585340,  25.4,  26.1, 116.6,  12.0,  11.2,  19.3,   6.5,  97.8,   3.2,   8.2, 116.8,  16.5,   4.0,  51.1, 126.1, 103.7
2020122706050811,1,12270400,16,    3588417,  25.3,  26.1, 116.7,  12.0,  11.2,  19.3,   6.5,  97.8,   3.2,   8.2, 116.8,  16.5,   4.0,  51.1, 126.2, 103.7
2020122706050811,1,12270405,16,    3596446,  25.4,  26.1, 116.9,  12.0,  11.2,  19.3,   6.5,  98.0,   3.2,   8.2, 116.7,  16.5,   4.0,  51.1, 126.4, 103.8
2020122706050811,1,12270411,16,    3600508,  25.4,  26.1, 117.0,  12.0,  11.2,  19.3,   6.5,  98.1,   3.2,   8.2, 116.7,  16.5,   4.0,  51.1, 126.4, 103.8
2020122706050811,1,12270416,16,    3609084,  25.4,  26.2, 117.2,  12.1,  11.2,  19.3,   6.5,  97.7,   3.2,   8.2, 116.6,  16.6,   4.1,  51.2, 126.6, 104.0
2020122706050811,1,12270422,16,    3611983,  25.4,  26.2, 117.3,  12.1,  11.2,  19.3,   6.5,  97.8,   3.2,   8.2, 116.7,  16.5,   4.1,  51.2, 126.6, 104.0
2020122706050811,1,12270427,16,    3618209,  25.4,  26.1, 117.4,  12.0,  11.2,  19.3,   6.5,  97.8,   3.2,   8.2, 116.8,  16.5,   4.1,  51.3, 126.7, 104.0
2020122706050811,1,12270433,16,    3621620,  25.4,  26.1, 117.4,  12.0,  11.2,  19.3,   6.5,  97.8,   3.2,   8.2, 116.6,  16.5,   4.1,  51.3, 126.7, 104.0
2020122706050811,1,12270438,16,    3626473,  25.5,  26.1, 117.5,  12.0,  11.2,  19.3,   6.5,  97.9,   3.2,   8.2, 116.7,  16.5,   4.0,  51.3, 126.8, 104.0
2020122706050811,1,12270444,16,    3628882,  25.5,  26.2, 117.6,  12.0,  11.2,  19.3,   6.5,  98.0,   3.2,   8.2, 116.8,  16.6,   4.0,  51.1, 126.2, 104.0
2020122706050811,1,12270449,16,    3631347,  25.4,  26.2, 117.6,  12.0,  11.2,  19.3,   6.5,  97.7,   3.2,   8.2, 116.7,  16.5,   4.1,  51.1, 126.3, 103.9
2020122706050811,1,12270455,16,    3634259,  25.4,  26.2, 117.7,  12.0,  11.2,  19.3,   6.5,  97.7,   3.2,   8.2, 116.8,  16.5,   4.1,  51.1, 126.4, 104.0
2020122706050811,1,12270500,16,    3639447,  25.5,  26.2, 117.6,  12.0,  11.2,  19.3,   6.5,  97.5,   3.2,   8.2, 116.7,  16.5,   4.0,  51.1, 126.1, 103.9
2020122706050811,1,12270506,16,    3644549,  25.5,  26.2, 117.7,  12.0,  11.2,  19.3,   6.5,  97.4,   3.2,   8.2, 116.9,  16.6,   4.0,  51.1, 126.2, 103.9
2020122706050811,1,12270511,16,    3648709,  25.5,  26.2, 117.8,  12.0,  11.2,  19.4,   6.5,  97.5,   3.2,   8.2, 117.0,  16.6,   4.0,  51.2, 126.3, 103.9
2020122706050811,1,12270517,16,    3654166,  25.5,  26.2, 117.8,  12.0,  11.2,  19.4,   6.5,  97.6,   3.2,   8.2, 117.1,  16.6,   4.0,  51.2, 126.2, 104.1
2020122706050811,1,12270522,16,    3663569,  25.5,  26.3, 117.9,  12.1,  11.2,  19.4,   6.5,  97.8,   3.2,   8.2, 117.3,  16.6,   4.0,  51.1, 126.3, 104.1
2020122706050811,1,12270528,16,    3666880,  25.5,  26.3, 117.9,  12.1,  11.2,  19.4,   6.5,  97.8,   3.2,   8.2, 117.2,  16.6,   4.0,  51.1, 126.3, 104.2
2020122706050811,1,12270533,16,    3672522,  25.5,  26.3, 118.0,  12.1,  11.2,  19.4,   6.5,  97.9,   3.2,   8.2, 117.4,  16.6,   4.0,  51.1, 126.4, 104.1
2020122706050811,1,12270539,16,    3676268,  25.5,  26.3, 117.6,  12.1,  11.2,  19.4,   6.5,  98.0,   3.2,   8.2, 117.4,  16.6,   4.0,  51.1, 126.5, 104.1
2020122706050811,1,12270544,16,    3682665,  25.5,  26.2, 117.7,  12.1,  11.2,  19.4,   6.5,  98.1,   3.2,   8.2, 117.5,  16.6,   4.0,  51.1, 126.6, 104.2
2020122706050811,1,12270550,16,    3688255,  25.5,  26.2, 117.8,  12.1,  11.2,  19.4,   6.5,  98.2,   3.2,   8.2, 117.5,  16.5,   4.0,  51.1, 126.6, 104.2
2020122706050811,1,12270555,16,    3709456,  25.6,  26.3, 118.3,  12.1,  11.3,  19.5,   6.5,  98.4,   3.2,   8.2, 118.1,  16.6,   4.0,  51.3, 127.2, 104.8
2020122706050811,1,12270601,16,    3713999,  25.6,  26.3, 118.4,  12.1,  11.3,  19.5,   6.6,  98.4,   3.2,   8.2, 118.2,  16.6,   4.1,  51.2, 127.3, 104.9
2020122706050811,1,12270606,16,    3719005,  25.6,  26.3, 118.5,  12.1,  11.3,  19.5,   6.6,  98.4,   3.2,   8.2, 118.1,  16.6,   4.1,  51.2, 127.4, 104.8
2020122706050811,1,12270612,16,    3725775,  25.6,  26.2, 118.6,  12.1,  11.3,  19.5,   6.6,  98.5,   3.2,   8.3, 118.2,  16.6,   4.0,  51.2, 127.5, 105.0
2020122706050811,1,12270617,16,    3732673,  25.6,  26.2, 118.1,  12.1,  11.3,  19.5,   6.6,  98.6,   3.2,   8.2, 118.2,  16.6,   4.0,  51.1, 127.6, 105.0
2020122706050811,1,12270623,16,    3743508,  25.6,  26.2, 118.3,  12.2,  11.3,  19.5,   6.6,  98.8,   3.1,   8.3, 117.9,  16.6,   4.0,  51.2, 127.9, 104.9
2020122706050811,1,12270628,16,    3754918,  25.6,  26.3, 118.4,  12.2,  11.3,  19.5,   6.6,  98.7,   3.1,   8.3, 118.0,  16.6,   4.0,  51.2, 128.0, 104.9
2020122706050811,1,12270634,16,    3764266,  25.6,  26.3, 118.5,  12.2,  11.3,  19.6,   6.6,  98.7,   3.2,   8.3, 118.2,  16.6,   4.0,  51.3, 128.2, 105.1
2020122706050811,1,12270640,16,    3774270,  25.6,  26.3, 118.4,  12.2,  11.3,  19.6,   6.6,  98.6,   3.2,   8.3, 118.1,  16.6,   4.0,  51.1, 127.7, 104.9
2020122706050811,1,12270645,16,    3781133,  25.6,  26.3, 118.1,  12.2,  11.3,  19.6,   6.6,  98.7,   3.2,   8.3, 118.1,  16.6,   4.0,  51.2, 127.7, 104.6
2020122706050811,1,12270651,16,    3795532,  25.6,  26.3, 118.3,  12.2,  11.3,  19.6,   6.6,  98.9,   3.1,   8.3, 118.2,  16.6,   4.0,  51.2, 127.6, 104.5
2020122706050811,1,12270656,16,    3805621,  25.5,  26.2, 118.5,  12.2,  11.3,  19.6,   6.6,  99.0,   3.1,   8.3, 118.5,  16.6,   4.0,  51.2, 127.8, 104.5
2020122706050811,1,12270702,16,    3817108,  25.5,  26.2, 118.7,  12.2,  11.3,  19.6,   6.6,  99.1,   3.1,   8.3, 118.3,  16.5,   4.0,  51.2, 127.7, 104.4
2020122706050811,1,12270707,16,    3827147,  25.4,  26.2, 118.9,  12.2,  11.3,  19.6,   6.6,  99.1,   3.1,   8.3, 118.5,  16.5,   4.0,  51.2, 127.9, 104.5
2020122706050811,1,12270713,16,    3850693,  25.5,  26.2, 119.2,  12.2,  11.3,  19.6,   6.6,  99.2,   3.2,   8.2, 118.8,  16.5,   4.0,  51.4, 128.0, 104.8
2020122706050811,1,12270718,16,    3862372,  25.5,  26.1, 119.2,  12.2,  11.3,  19.6,   6.6,  99.3,   3.2,   8.2, 119.0,  16.5,   4.0,  51.4, 127.9, 104.9
2020122706050811,1,12270724,16,    3885236,  25.5,  26.1, 119.3,  12.2,  11.3,  19.6,   6.6,  99.3,   3.2,   8.2, 118.9,  16.5,   4.0,  51.4, 127.6, 104.9
2020122706050811,1,12270729,16,    3905462,  25.4,  26.2, 119.5,  12.2,  11.3,  19.7,   6.6,  99.5,   3.1,   8.2, 119.1,  16.5,   4.0,  51.5, 127.9, 104.8
2020122706050811,1,12270735,16,    3930892,  25.5,  26.2, 119.8,  12.3,  11.3,  19.6,   6.6,  99.3,   3.1,   8.2, 119.3,  16.5,   4.0,  51.6, 128.1, 105.2
2020122706050811,1,12270740,16,    3944926,  25.5,  26.2, 120.0,  12.3,  11.3,  19.6,   6.6,  99.2,   3.1,   8.2, 119.6,  16.5,   4.0,  51.7, 128.2, 105.3
2020122706050811,1,12270746,16,    3968752,  25.4,  26.2, 119.8,  12.3,  11.3,  19.6,   6.6,  99.3,   3.1,   8.2, 119.4,  16.6,   4.0,  51.6, 128.1, 104.9
2020122706050811,1,12270751,16,    3989365,  25.4,  26.2, 120.0,  12.3,  11.4,  19.6,   6.6,  99.3,   3.1,   8.2, 119.6,  16.6,   4.1,  51.7, 127.9, 105.3
2020122706050811,1,12270757,16,    4018419,  25.4,  26.3, 120.1,  12.3,  11.3,  19.6,   6.6,  99.3,   3.1,   8.2, 119.5,  16.5,   4.1,  51.9, 127.9, 105.5
2020122706050811,1,12270802,16,    4038322,  25.4,  26.3, 119.9,  12.3,  11.3,  19.6,   6.6,  99.3,   3.1,   8.1, 119.5,  16.5,   4.1,  51.9, 128.0, 105.6
2020122706050811,1,12270808,16,    4065028,  25.5,  26.2, 120.0,  12.4,  11.3,  19.6,   6.6,  99.0,   3.1,   8.1, 119.5,  16.5,   4.1,  51.8, 127.7, 105.1
2020122706050811,1,12270813,16,    4087495,  25.4,  26.1, 120.2,  12.4,  11.4,  19.6,   6.6,  99.0,   3.1,   8.1, 119.8,  16.4,   4.1,  51.9, 127.9, 104.8
2020122706050811,1,12270819,16,    4130871,  25.5,  26.2, 120.4,  12.4,  11.4,  19.7,   6.6,  99.3,   3.1,   8.1, 120.0,  16.4,   4.1,  52.0, 128.0, 105.1
2020122706050811,1,12270824,16,    4153212,  25.5,  26.2, 120.0,  12.4,  11.4,  19.7,   6.6,  99.4,   3.1,   8.1, 120.3,  16.4,   4.1,  52.1, 127.3, 105.2
2020122706050811,1,12270830,16,    4188012,  25.5,  26.2, 119.8,  12.4,  11.4,  19.5,   6.6,  98.9,   3.1,   8.1, 119.9,  16.3,   4.1,  52.2, 127.3, 105.0
2020122706050811,1,12270835,16,    4213695,  25.4,  26.1, 119.8,  12.4,  11.4,  19.5,   6.6,  98.9,   3.1,   8.1, 120.0,  16.3,   4.1,  52.1, 127.2, 105.0
2020122706050811,1,12270841,16,    4253013,  25.3,  26.1, 119.8,  12.5,  11.4,  19.5,   6.6,  98.9,   3.1,   8.2, 119.8,  16.3,   4.0,  52.2, 126.9, 104.8
2020122706050811,1,12270846,16,    4281553,  25.2,  26.1, 120.0,  12.5,  11.4,  19.5,   6.6,  99.2,   3.1,   8.2, 119.9,  16.3,   4.0,  52.3, 126.8, 104.9
2020122706050811,1,12270852,16,    4338024,  25.3,  26.3, 120.3,  12.6,  11.4,  19.6,   6.6,  98.9,   3.1,   8.2, 119.6,  16.3,   4.0,  52.6, 126.8, 104.9
2020122706050811,1,12270857,16,    4367019,  25.3,  26.3, 120.1,  12.6,  11.4,  19.6,   6.6,  98.9,   3.1,   8.2, 119.9,  16.3,   4.0,  52.6, 126.8, 104.8
2020122706050811,1,12270903,16,    4424418,  25.3,  26.3, 120.4,  12.6,  11.4,  19.6,   6.6,  99.3,   3.1,   8.2, 120.1,  16.3,   4.0,  52.4, 126.2, 104.9
2020122706050811,1,12270908,16,    4469161,  25.2,  26.2, 120.3,  12.6,  11.4,  19.6,   6.7,  99.6,   3.1,   8.2, 120.4,  16.4,   4.0,  52.5, 126.5, 104.9
2020122706050811,1,12270914,16,    4534583,  25.3,  26.2, 120.0,  12.6,  11.4,  19.6,   6.6,  99.3,   3.1,   8.2, 120.1,  16.3,   4.0,  52.4, 126.2, 105.0
2020122706050811,1,12270919,16,    4598069,  25.4,  26.3, 120.1,  12.7,  11.5,  19.7,   6.6,  99.1,   3.1,   8.2, 119.1,  16.4,   4.0,  52.4, 126.5, 104.2
2020122706050811,1,12270925,16,    4686119,  25.4,  26.5, 120.2,  12.7,  11.5,  19.7,   6.7,  97.1,   3.1,   8.2, 119.5,  16.5,   4.0,  51.7, 127.1, 104.3
2020122706050811,1,12270930,16,    4763996,  25.5,  26.5, 119.8,  12.7,  11.5,  19.7,   6.6,  96.6,   3.1,   8.2, 120.1,  16.5,   3.9,  51.4, 126.4, 103.8
2020122706050811,1,12270936,16,    4865007,  25.6,  26.7, 120.0,  12.7,  11.5,  19.7,   6.6,  96.5,   3.1,   8.2, 120.5,  16.4,   4.0,  51.2, 125.4, 104.2
2020122706050811,1,12270941,16,    4978794,  25.7,  26.7, 120.2,  12.8,  11.5,  19.7,   6.6,  96.7,   3.2,   8.3, 119.9,  16.2,   3.9,  51.3, 125.1, 103.1
2020122706050811,1,12270946,16,    5081647,  25.5,  26.6, 119.9,  12.8,  11.5,  19.8,   6.6,  96.6,   3.1,   8.3, 120.0,  16.0,   3.9,  51.4, 125.8, 103.3
2020122706050811,1,12270951,16,    5162092,  25.6,  26.4, 120.3,  12.8,  11.6,  19.9,   6.7,  96.9,   3.1,   8.3, 120.6,  16.0,   3.9,  51.8, 125.9, 103.6
2020122706050811,1,12270956,16,    5262881,  25.7,  26.4, 120.5,  12.9,  11.6,  19.7,   6.6,  97.3,   3.2,   8.3, 120.5,  16.1,   3.9,  52.0, 126.1, 103.9
2020122706050811,1,12271001,16,    5374258,  25.5,  25.7, 121.2,  12.9,  11.7,  19.6,   6.7,  98.0,   3.2,   8.4, 120.9,  16.1,   3.9,  52.3, 126.2, 104.4
2020122706050811,1,12271006,16,    5468485,  25.6,  25.8, 121.3,  12.7,  11.7,  19.6,   6.7,  98.1,   3.2,   8.3, 120.1,  16.1,   3.9,  52.3, 126.5, 104.7
2020122706050811,1,12271015,16,    5670364,  25.9,  25.8, 122.7,  12.8,  11.7,  19.6,   6.6,  98.5,   3.2,   8.4, 120.4,  16.2,   3.9,  52.6, 126.2, 105.1
2020122706050811,1,12271024,16,    5834213,  26.0,  25.9, 122.6,  12.8,  11.6,  19.5,   6.6,  98.5,   3.2,   8.4, 121.3,  16.3,   3.9,  52.8, 126.3, 105.2
2020122706050811,1,12271033,16,    6050584,  26.1,  26.0, 122.9,  12.9,  11.6,  19.6,   6.7,  99.6,   3.1,   8.4, 121.5,  16.3,   3.9,  53.0, 126.9, 105.0
2020122706050811,1,12271041,16,    6213530,  26.2,  26.1, 123.2,  12.9,  11.7,  19.6,   6.6, 100.0,   3.1,   8.4, 121.1,  16.3,   3.9,  53.4, 126.3, 104.5
2020122706050811,1,12271049,16,    6405049,  26.4,  26.3, 123.3,  12.9,  11.7,  19.6,   6.6,  99.8,   3.1,   8.4, 121.1,  16.3,   3.8,  53.7, 126.8, 105.0
2020122706050811,1,12271057,16,    6617848,  26.6,  26.3, 122.8,  12.9,  11.6,  19.8,   6.6, 100.5,   3.1,   8.5, 121.4,  16.5,   3.9,  54.3, 126.5, 106.2
2020122706050811,1,12271105,16,    6785045,  26.7,  26.3, 123.5,  12.9,  11.6,  19.8,   6.6, 100.7,   3.1,   8.5, 121.4,  16.5,   3.9,  54.6, 126.8, 106.3
2020122706050811,1,12271112,16,    6971214,  26.8,  26.0, 123.9,  12.8,  11.7,  19.8,   6.5, 100.6,   3.1,   8.5, 121.5,  16.6,   3.9,  54.8, 126.2, 106.7
2020122706050811,1,12271119,16,    7159923,  26.9,  26.1, 124.5,  12.9,  11.7,  19.9,   6.5, 101.1,   3.1,   8.6, 121.3,  16.6,   3.8,  55.0, 126.8, 106.9
2020122706050811,1,12271126,16,    7316976,  27.0,  26.0, 124.6,  13.0,  11.7,  19.8,   6.5, 101.6,   3.1,   8.6, 121.4,  16.6,   3.8,  54.6, 126.9, 106.5
2020122706050811,1,12271133,16,    7511151,  27.1,  26.2, 124.5,  13.0,  11.8,  20.0,   6.5, 101.7,   3.1,   8.5, 121.2,  16.4,   3.8,  54.8, 127.1, 107.1
2020122706050811,1,12271140,16,    7651702,  27.1,  26.2, 124.4,  13.1,  11.8,  20.0,   6.5, 101.7,   3.1,   8.5, 121.5,  16.4,   3.8,  54.5, 127.0, 107.2
2020122706050811,1,12271146,16,    7818532,  27.2,  26.3, 125.0,  13.1,  11.8,  19.7,   6.5, 102.2,   3.1,   8.5, 121.7,  16.5,   3.8,  54.6, 126.1, 107.4
2020122706050811,1,12271152,16,    7985373,  27.3,  26.4, 125.4,  12.9,  11.8,  19.7,   6.5, 102.4,   3.1,   8.5, 122.3,  16.6,   3.8,  54.8, 126.0, 107.8
2020122706050811,1,12271158,16,    8235076,  27.6,  26.7, 126.3,  13.1,  11.8,  20.0,   6.6, 103.6,   3.1,   8.6, 123.0,  16.8,   3.8,  55.1, 126.5, 108.4
2020122706050811,1,12271204,16,    8423255,  27.8,  26.5, 125.7,  13.1,  11.9,  20.0,   6.6, 104.0,   3.1,   8.6, 123.3,  16.8,   3.8,  54.8, 126.9, 108.3
2020122706050811,1,12271210,16,    8613444,  27.9,  26.5, 126.1,  13.2,  11.9,  20.1,   6.6, 104.4,   3.1,   8.6, 123.3,  16.9,   3.8,  55.1, 126.9, 108.5
2020122706050811,1,12271216,16,    8791967,  28.0,  26.5, 126.2,  13.2,  11.9,  20.2,   6.6, 104.5,   3.1,   8.6, 123.5,  16.9,   3.8,  54.9, 126.3, 108.4
2020122706050811,1,12271222,16,    8977188,  28.0,  26.6, 126.9,  13.2,  11.9,  20.3,   6.6, 103.0,   3.1,   8.6, 123.7,  16.9,   3.8,  54.9, 126.0, 108.8
2020122706050811,1,12271227,16,    9201575,  28.1,  26.8, 127.4,  13.3,  11.9,  20.3,   6.6, 102.8,   3.1,   8.6, 124.3,  17.0,   3.8,  55.2, 126.2, 109.1
2020122706050811,1,12271232,16,    9424660,  28.3,  27.0, 128.0,  13.4,  11.8,  20.5,   6.4, 103.7,   3.1,   8.6, 124.8,  17.2,   3.8,  55.8, 127.3, 108.2
2020122706050811,1,12271237,16,    9602951,  28.4,  26.9, 128.6,  13.4,  11.8,  20.4,   6.4, 104.0,   3.1,   8.6, 124.5,  17.2,   3.8,  55.8, 127.8, 108.5
2020122706050811,1,12271242,16,    9766907,  28.5,  26.9, 128.6,  13.4,  11.7,  20.4,   6.4, 104.0,   3.1,   8.6, 124.6,  17.3,   3.8,  55.8, 127.5, 108.5
2020122706050811,1,12271247,16,   10090779,  28.9,  27.2, 130.0,  13.5,  11.9,  20.7,   6.5, 105.0,   3.1,   8.7, 124.5,  17.5,   3.7,  56.5, 129.6, 110.0
2020122706050811,1,12271252,16,   10343669,  29.0,  27.3, 130.4,  13.7,  11.8,  20.9,   6.4, 105.5,   3.1,   8.8, 124.5,  17.6,   3.7,  56.8, 129.9, 110.3
2020122706050811,1,12271259,16,   10649066,  29.2,  27.4, 129.7,  13.6,  11.8,  20.8,   6.4, 104.7,   3.1,   8.7, 115.3,  17.7,   3.7,  56.8, 128.7, 110.1
2020122706050811,1,12271305,16,   10936351,  29.3,  27.5, 129.3,  13.6,  11.9,  20.9,   6.4, 105.0,   3.0,   8.7, 116.2,  17.7,   3.7,  56.9, 129.1, 110.3
2020122706050811,1,12271311,16,   11171355,  29.5,  27.7, 129.1,  13.7,  11.9,  20.9,   6.4, 105.2,   3.0,   8.7, 116.6,  17.9,   3.7,  56.8, 129.5, 110.7
2020122706050811,1,12271317,16,   11471051,  29.2,  27.6, 129.9,  13.7,  11.9,  20.9,   6.4, 105.4,   3.0,   8.7, 117.2,  17.8,   3.7,  56.9, 130.6, 111.1
2020122706050811,1,12271323,16,   11770265,  29.4,  27.7, 129.7,  13.8,  11.9,  20.9,   6.4, 105.7,   3.0,   8.7, 117.9,  17.8,   3.7,  57.0, 130.4, 111.1
2020122706050811,1,12271329,16,   12045679,  29.4,  27.7, 128.5,  13.8,  12.0,  20.9,   6.4, 105.8,   3.0,   8.7, 116.9,  17.8,   3.7,  56.8, 130.6, 111.1
2020122706050811,1,12271335,16,   12392071,  29.4,  27.6, 129.5,  13.9,  12.0,  20.9,   6.4, 105.8,   3.0,   8.7, 117.7,  17.9,   3.7,  57.4, 130.9, 111.7
2020122706050811,1,12271341,16,   12745422,  29.5,  27.6, 129.6,  13.9,  12.0,  21.0,   6.5, 105.9,   3.0,   8.7, 118.0,  18.0,   3.7,  57.5, 131.1, 112.3
2020122706050811,1,12271347,16,   13104740,  29.5,  27.8, 130.4,  13.9,  12.1,  21.1,   6.5, 106.7,   3.0,   8.7, 118.8,  18.0,   3.7,  58.0, 131.0, 113.0
2020122706050811,1,12271354,16,   13426038,  29.6,  27.9, 129.7,  14.0,  12.1,  21.2,   6.5, 106.7,   3.0,   8.7, 119.1,  18.0,   3.7,  58.2, 130.8, 113.0
2020122706050811,1,12271359,16,   13781867,  29.8,  28.1, 129.6,  14.2,  12.1,  21.4,   6.5, 106.3,   3.0,   8.7, 119.3,  18.2,   3.7,  58.6, 131.6, 113.4
2020122706050811,1,12271404,16,   14022280,  29.9,  28.2, 129.6,  14.1,  12.1,  21.4,   6.5, 106.4,   3.0,   8.7, 119.2,  18.2,   3.7,  58.6, 132.3, 113.6
2020122706050811,1,12271409,16,   14206857,  29.7,  28.0, 129.4,  14.1,  12.2,  21.4,   6.5, 106.1,   3.0,   8.7, 119.1,  18.2,   3.7,  58.9, 132.3, 113.5
2020122706050811,1,12271414,16,   14400089,  29.8,  27.9, 129.4,  14.1,  12.2,  21.3,   6.5, 106.3,   3.0,   8.7, 119.3,  18.3,   3.7,  58.8, 132.1, 113.3
2020122706050811,1,12271419,16,   14614653,  29.8,  27.9, 130.0,  14.1,  12.2,  21.2,   6.5, 106.7,   3.0,   8.7, 119.5,  18.2,   3.7,  58.8, 130.2, 113.3
2020122706050811,1,12271424,16,   14837721,  29.7,  27.9, 130.3,  14.1,  12.2,  21.2,   6.5, 106.9,   2.9,   8.7, 119.6,  18.2,   3.7,  58.9, 130.5, 113.5
2020122706050811,1,12271429,16,   15070645,  29.7,  27.9, 129.8,  14.1,  12.2,  21.0,   6.5, 106.5,   2.9,   8.7, 119.8,  18.2,   3.7,  58.9, 130.4, 113.9
2020122706050811,1,12271435,16,   15397856,  29.7,  27.9, 130.2,  14.1,  12.2,  21.0,   6.6, 105.7,   2.9,   8.7, 120.0,  18.2,   3.7,  59.0, 130.3, 113.9
2020122706050811,1,12271440,16,   15693093,  29.7,  27.8, 130.1,  14.1,  12.2,  21.0,   6.6, 105.7,   2.9,   8.7, 120.6,  18.3,   3.7,  59.1, 130.8, 114.0
2020122706050811,1,12271445,16,   16092086,  29.6,  27.9, 131.4,  14.1,  12.2,  21.0,   6.6, 106.5,   2.9,   8.7, 121.9,  18.3,   3.7,  59.1, 131.4, 114.6
2020122706050811,1,12271450,16,   16627110,  29.6,  27.9, 132.1,  14.1,  12.2,  21.0,   6.6, 106.8,   2.9,   8.7, 123.0,  18.3,   3.7,  59.5, 132.2, 115.1
2020122706050811,1,12271455,16,   17318459,  29.8,  28.0, 134.5,  14.3,  12.2,  21.1,   6.7, 108.4,   2.9,   8.6, 125.0,  18.1,   3.8,  59.9, 133.7, 116.2
2020122706050811,1,12271500,16,   18098861,  29.9,  28.1, 136.9,  14.4,  12.2,  21.3,   6.7, 110.1,   2.9,   8.4, 126.5,  17.9,   3.8,  60.8, 136.5, 118.2
2020122706050811,1,12271505,16,   19232321,  30.5,  28.5, 141.4,  14.3,  12.3,  21.5,   6.8, 113.2,   2.9,   8.2, 131.1,  17.9,   3.8,  62.0, 141.1, 121.6
2020122706050811,1,12271510,16,   21232942,  31.3,  29.2, 150.0,  14.4,  12.5,  22.1,   7.0, 119.9,   2.8,   7.7, 139.2,  18.0,   3.8,  64.9, 149.2, 128.1
2020122706050811,1,12271514,16,   22601404,  31.8,  29.6, 155.0,  14.5,  12.5,  22.4,   7.1, 124.2,   2.7,   7.7, 144.6,  18.2,   3.8,  66.4, 155.2, 132.2
2020122706050811,1,12271519,16,   25332844,  33.1,  30.6, 166.8,  14.5,  12.5,  23.2,   7.5, 133.6,   2.6,   7.7, 157.0,  18.7,   3.9,  69.4, 163.9, 141.8
2020122706050811,3,12271527,16,   29395539,  36.2,  33.1, 188.1,  15.5,  13.5,  24.9,   8.1, 148.1,   2.5,   7.9, 174.6,  20.3,   3.5,  74.9, 183.4, 157.0
2020122706050811,4,12271534,16,   29395539,  36.2,  33.1, 188.1,  15.5,  13.5,  24.9,   8.1, 148.1,   2.5,   7.9, 174.6,  20.3,   3.5,  74.9, 183.4, 157.0
